Date,Team 1,Team 2,Goals1,Goals2,Elo1,Elo2,Stage
1930-07-13,France,Mexico,4,1,1500.0,1500.0,Group stage
1930-07-13,United States,Belgium,3,0,1500.0,1500.0,Group stage
1930-07-14,Yugoslavia,Brazil,2,1,1500.0,1500.0,Group stage
1930-07-14,Romania,Peru,3,1,1500.0,1500.0,Group stage
1930-07-15,Argentina,France,1,0,1500.0,1528.0,Group stage
1930-07-16,Chile,Mexico,3,0,1500.0,1472.0,Group stage
1930-07-17,Yugoslavia,Bolivia,4,0,1516.0,1500.0,Group stage
1930-07-17,United States,Paraguay,3,0,1528.0,1500.0,Group stage
1930-07-18,Uruguay,Peru,1,0,1500.0,1476.0,Group stage
1930-07-19,Argentina,Mexico,6,3,1517.28666330636,1446.2516607861298,Group stage
1930-07-19,Chile,France,1,0,1525.7483392138702,1510.71333669364,Group stage
1930-07-20,Paraguay,Belgium,1,0,1474.2516607861298,1472.0,Group stage
1930-07-20,Brazil,Bolivia,4,0,1484.0,1469.472613587044,Group stage
1930-07-21,Uruguay,Romania,4,0,1514.8965137687414,1524.0,Group stage
1930-07-22,Argentina,Chile,3,1,1539.6403753195273,1541.0563836384235,Group stage
1930-07-26,Argentina,United States,6,1,1563.7381891673479,1553.7483392138702,Semi-finals
1930-07-27,Uruguay,Yugoslavia,6,1,1547.7347840093275,1546.527386412956,Semi-finals
1930-07-30,Uruguay,Argentina,4,2,1583.60967840615,1598.7033627480619,Final
1934-05-27,Czechoslovakia,Romania,2,1,1500.0,1491.161729759414,Round of 16
1934-05-27,Hungary,Egypt,4,2,1500.0,1500.0,Round of 16
1934-05-27,Austria,France,3,2,1500.0,1495.4052922690867,Round of 16
1934-05-27,Spain,Brazil,3,1,1500.0,1514.6627574924566,Round of 16
1934-05-27,Sweden,Argentina,3,2,1500.0,1573.6613833993813,Round of 16
1934-05-27,Italy,United States,7,1,1500.0,1518.7831656331562,Round of 16
1934-05-27,Switzerland,Netherlands,3,2,1500.0,1500.0,Round of 16
1934-05-27,Germany,Belgium,5,2,1500.0,1456.1036913595105,Round of 16
1934-05-31,Germany,Sweden,2,1,1524.4810794673442,1519.3423024983615,Quarter-finals
1934-05-31,Italy,Spain,1,1,1542.1603875247877,1525.012266501199,Quarter-finals
1934-05-31,Czechoslovakia,Switzerland,3,2,1515.5930703877962,1516.0,Quarter-finals
1934-05-31,Austria,Hungary,2,1,1515.7884182238738,1524.0,Quarter-finals
1934-06-01,Italy,Spain,1,0,1541.3713279908832,1525.8013260351036,Quarter-finals
1934-06-03,Czechoslovakia,Germany,3,1,1531.6118101804063,1540.2444472975305,Semi-finals
1934-06-03,Italy,Austria,1,0,1556.6547825182367,1532.1665051417963,Semi-finals
1934-06-07,Germany,Austria,3,2,1515.6482485360316,1517.292368237345,Third-place match
1934-06-10,Italy,Czechoslovakia,2,1,1571.528919422688,1556.2080089419053,Final
1938-06-04,Switzerland,Germany,1,1,1499.9812602073898,1531.7239624811773,Round of 16
1938-06-05,Czechoslovakia,Netherlands,3,0,1540.9131059691701,1484.0,Round of 16
1938-06-05,Brazil,Poland,6,5,1489.6504909912576,1500.0,Round of 16
1938-06-05,France,Belgium,3,1,1479.6168740452129,1431.6226118921663,Round of 16
1938-06-05,Hungary,Dutch East Indies,6,0,1507.6219130820775,1500.0,Round of 16
1938-06-05,Cuba,Romania,3,3,1500.0,1475.5686593716177,Round of 16
1938-06-05,Italy,Norway,2,1,1586.8238223954231,1500.0,Round of 16
1938-06-09,Cuba,Romania,2,1,1498.8767459858254,1476.6919133857923,Round of 16
1938-06-09,Switzerland,Germany,4,2,1501.439011890917,1530.26621079765,Round of 16
1938-06-12,Sweden,Cuba,8,0,1503.5789346681752,1513.8564829233096,Quarter-finals
1938-06-12,Italy,France,3,1,1598.906642162192,1500.3224761221481,Quarter-finals
1938-06-12,Hungary,Switzerland,2,0,1546.7445486520965,1527.4257672329595,Quarter-finals
1938-06-12,Brazil,Czechoslovakia,1,1,1506.1269625718246,1564.367041136223,Quarter-finals
1938-06-14,Brazil,Czechoslovakia,2,1,1508.7841752112374,1561.7098284968101,Quarter-finals
1938-06-16,Italy,Brazil,2,1,1616.273752194525,1527.2028122392298,Semi-finals
1938-06-16,Hungary,Sweden,5,1,1569.4114281379927,1552.9984164197494,Semi-finals
1938-06-19,Italy,Hungary,4,2,1628.2594461909525,1599.9008574195495,Final
1938-06-19,Brazil,Sweden,4,2,1515.2171182428024,1522.5089871381927,Third-place match
1950-06-24,Brazil,Mexico,4,0,1539.7207487566461,1423.8979487729625,Group stage
1950-06-25,Yugoslavia,Switzerland,3,0,1510.6524920161337,1504.7588877470632,Group stage
1950-06-25,Spain,United States,3,1,1510.51787150775,1476.6227781083685,Group stage
1950-06-25,England,Chile,2,0,1500.0,1516.958569790603,Group stage
1950-06-25,Sweden,Italy,3,2,1498.005356624349,1650.3048430334027,Group stage
1950-06-28,Brazil,Switzerland,2,2,1561.431437864129,1477.233810581819,Group stage
1950-06-28,Yugoslavia,Mexico,4,1,1538.177569181378,1402.1872596654796,Group stage
1950-06-29,Spain,Chile,2,0,1532.1838813312743,1491.7880427300622,Group stage
1950-06-29,Sweden,Paraguay,2,2,1520.6018118100326,1490.1479694266193,Group stage
1950-06-29,United States,England,1,0,1454.9567682848442,1525.1705270605407,Group stage
1950-07-01,Brazil,Yugoslavia,2,0,1557.6281579682868,1555.7454272971759,Group stage
1950-07-02,Switzerland,Mexico,2,1,1481.0370904776612,1384.6194015496817,Group stage
1950-07-02,Spain,England,1,0,1553.4059421371692,1505.9803757901122,Group stage
1950-07-02,Uruguay,Bolivia,8,0,1608.6516577548305,1438.8098560945873,Group stage
1950-07-02,Italy,Paraguay,2,0,1627.708387847719,1491.5468399834324,Group stage
1950-07-02,Chile,United States,5,2,1470.5659819241673,1474.1469195552727,Group stage
1950-07-09,Uruguay,Spain,2,2,1634.893332199224,1567.2353785527737,Final stage
1950-07-09,Brazil,Sweden,7,1,1581.498104813959,1519.2029412532195,Final stage
1950-07-13,Uruguay,Sweden,3,2,1631.8163650395306,1486.299056443317,Final stage
1950-07-13,Brazil,Spain,6,1,1614.4019896238613,1570.312345712467,Final stage
1950-07-16,Uruguay,Brazil,2,1,1641.4812225557796,1645.8579483185706,Final stage
1950-07-16,Sweden,Spain,3,1,1476.6341989270682,1538.8563870177577,Final stage
1954-06-16,Uruguay,Czechoslovakia,2,0,1657.6827675647712,1543.2911914688177,Group stage
1954-06-16,Austria,Scotland,1,0,1501.2166542921993,1500.0,Group stage
1954-06-16,Brazil,Mexico,5,0,1629.656403309579,1372.9490208459474,Group stage
1954-06-16,Yugoslavia,France,1,0,1531.8754804515038,1482.955366089815,Group stage
1954-06-17,England,Belgium,4,4,1492.1509393745077,1410.917009815231,Group stage
1954-06-17,Germany,Türkiye,4,1,1504.2794554556076,1500.0,Group stage
1954-06-17,Hungary,Korea Republic,9,0,1577.8554605770994,1500.0,Group stage
1954-06-17,Switzerland,Italy,2,1,1492.7074711813955,1642.7563670758407,Group stage
1954-06-19,France,Mexico,3,2,1469.1934496734884,1359.57350404832,Group stage
1954-06-19,Austria,Czechoslovakia,5,0,1517.1606255204895,1526.9194136870276,Group stage
1954-06-19,Brazil,Yugoslavia,1,1,1643.0319201072064,1545.6373968678304,Group stage
1954-06-19,Uruguay,Scotland,7,0,1674.0545453465613,1484.0560287717099,Group stage
1954-06-20,Türkiye,Korea Republic,7,0,1472.3448659215733,1459.461271786504,Group stage
1954-06-20,Hungary,Germany,8,3,1618.3941887905953,1531.9345895340343,Group stage
1954-06-20,Switzerland,England,0,2,1515.2176703471657,1488.4766894958361,Group stage
1954-06-20,Italy,Belgium,4,1,1620.2461679100704,1414.5912596939027,Group stage
1954-06-23,Switzerland,Italy,4,1,1489.374107740254,1633.3704170977317,Group stage play-off
1954-06-23,Germany,Türkiye,7,2,1504.712758552956,1514.714006920321,Group stage play-off
1954-06-26,Switzerland,Austria,5,7,1528.3570672170742,1554.171529494536,Quarter-finals
1954-06-26,Uruguay,England,4,2,1696.1353770556723,1514.3202521027479,Quarter-finals
1954-06-27,Hungary,Brazil,4,2,1645.6160197716736,1638.6606417514636,Quarter-finals
1954-06-27,Germany,Yugoslavia,2,0,1541.7487650570401,1550.0086752235732,Quarter-finals
1954-06-30,Germany,Austria,6,1,1566.319231965717,1576.3916037626498,Semi-finals
1954-06-30,Hungary,Uruguay,4,2,1669.1356234533955,1708.6094357149652,Semi-finals
1954-07-03,Austria,Uruguay,3,1,1539.348233856602,1681.894353701394,Third-place match
1954-07-04,Germany,Hungary,3,2,1603.3626018717648,1695.8507054669667,Final
1958-06-08,Sweden,Mexico,3,0,1504.8869855405928,1348.460589424211,Group stage
1958-06-08,Northern Ireland,Czechoslovakia,1,0,1500.0,1489.9085097129812,Group stage
1958-06-08,Hungary,Wales,1,1,1675.6893068429065,1500.0,Group stage
1958-06-08,Brazil,Austria,3,0,1615.1410380697416,1572.677297971004,Group stage
1958-06-08,Soviet Union,England,2,2,1500.0,1501.846193443455,Group stage
1958-06-08,France,Paraguay,7,3,1480.3063642975974,1476.4988607553107,Group stage
1958-06-08,Argentina,West Germany,1,3,1554.3190809010198,1500.0,Group stage
1958-06-08,Yugoslavia,Scotland,1,1,1525.4382083148962,1461.975197062599,Group stage
1958-06-11,Mexico,Wales,1,1,1332.279086036754,1507.4650898371158,Group stage
1958-06-11,Brazil,England,0,0,1639.7358037040624,1501.7611738936287,Group stage
1958-06-11,Paraguay,Scotland,3,2,1444.8495307532085,1464.8657006781675,Group stage
1958-06-11,Yugoslavia,France,3,2,1522.5477046993276,1511.9556942996996,Group stage
1958-06-11,Argentina,Northern Ireland,3,1,1526.5971277745984,1515.5354003437108,Group stage
1958-06-11,West Germany,Czechoslovakia,2,2,1527.7219531264213,1474.3731093692704,Group stage
1958-06-11,Soviet Union,Austria,2,0,1500.0850195498263,1548.0825323366832,Group stage
1958-06-12,Sweden,Hungary,2,1,1521.0684889280499,1668.2242170057907,Group stage
1958-06-15,Sweden,Wales,0,0,1543.4671354935215,1500.018144699368,Group stage
1958-06-15,Czechoslovakia,Argentina,6,1,1476.810786192507,1549.8332687973395,Group stage
1958-06-15,Paraguay,Yugoslavia,3,3,1461.7702909862335,1538.0600756543502,Group stage
1958-06-15,Brazil,Soviet Union,2,0,1633.6960513372949,1527.3796377875187,Group stage
1958-06-15,England,Austria,2,2,1507.8009262603962,1520.7879140989908,Group stage
1958-06-15,France,Scotland,2,1,1496.443323344677,1447.9449404451425,Group stage
1958-06-15,West Germany,Northern Ireland,2,2,1525.2842763031847,1492.2992593209697,Group stage
1958-06-15,Hungary,Mexico,4,0,1645.825570440319,1339.726031174502,Group stage
1958-06-17,Northern Ireland,Czechoslovakia,2,1,1493.8137280897135,1520.2676307718991,Group stage play-off
1958-06-17,Soviet Union,England,1,0,1510.5027595280724,1508.3987207592886,Group stage play-off
1958-06-17,Wales,Hungary,2,1,1502.0086787748392,1655.2037274854936,Group stage play-off
1958-06-19,Sweden,Soviet Union,2,0,1541.4766014180502,1526.4058661464787,Quarter-finals
1958-06-19,Brazil,Wales,1,0,1650.5729295967412,1524.6393296365623,Quarter-finals
1958-06-19,West Germany,Yugoslavia,1,0,1523.769807534441,1534.6021975393282,Quarter-finals
1958-06-19,France,Northern Ireland,4,0,1510.2242844274617,1511.0296265661807,Quarter-finals
1958-06-24,Brazil,France,5,2,1661.0147802337208,1542.2984590467513,Semi-finals
1958-06-24,Sweden,West Germany,3,1,1564.4362043514045,1540.268495952256,Semi-finals
1958-06-28,France,West Germany,6,3,1523.510123919319,1517.9352546959005,Third-place match
1958-06-29,Brazil,Sweden,5,2,1679.803115361153,1586.76944560776,Final
1962-05-30,Uruguay,Colombia,2,1,1648.565289586992,1500.0,Group stage
1962-05-30,Chile,Switzerland,3,1,1498.8545611819927,1506.1369929489604,Group stage
1962-05-30,Argentina,Bulgaria,1,0,1506.3764242179475,1500.0,Group stage
1962-05-30,Brazil,Mexico,2,0,1700.4796912978393,1330.3478741293275,Group stage
1962-05-31,Czechoslovakia,Spain,1,0,1503.051732295432,1510.603600404233,Group stage
1962-05-31,Hungary,England,2,1,1632.5730766237705,1492.4956141408823,Group stage
1962-05-31,West Germany,Italy,0,0,1490.3844975184893,1594.3874576209114,Group stage
1962-05-31,Soviet Union,Yugoslavia,2,0,1503.4462632131244,1518.1035091215133,Group stage
1962-06-02,Yugoslavia,Uruguay,3,1,1493.0916226700085,1658.1122005860352,Group stage
1962-06-02,England,Argentina,3,1,1482.6182161979355,1522.0828119956157,Group stage
1962-06-02,Brazil,Czechoslovakia,0,0,1705.575049682232,1519.399453914881,Group stage
1962-06-02,Chile,Italy,2,0,1523.3575400887921,1589.7360544095293,Group stage
1962-06-03,West Germany,Switzerland,2,1,1495.0359007298714,1481.634014042161,Group stage
1962-06-03,Hungary,Bulgaria,6,1,1642.4504745667173,1484.2936122223318,Group stage
1962-06-03,Soviet Union,Colombia,4,4,1528.4581496646292,1490.4530890009569,Group stage
1962-06-03,Spain,Mexico,1,0,1494.255878784784,1325.2525157449347,Group stage
1962-06-06,West Germany,Chile,2,0,1510.4190269649716,1551.8878189627803,Group stage
1962-06-06,Hungary,Argentina,0,0,1663.1082152027461,1495.36835848682,Group stage
1962-06-06,Brazil,Spain,2,1,1697.7375289941574,1503.0338147842738,Group stage
1962-06-06,Soviet Union,Uruguay,2,1,1526.7148994099082,1623.4993013715643,Group stage
1962-06-07,Yugoslavia,Colombia,5,0,1527.7045218844794,1492.196339255678,Group stage
1962-06-07,Italy,Switzerland,3,0,1561.205775535541,1466.2508878070607,Group stage
1962-06-07,Mexico,Czechoslovakia,3,1,1316.474579745445,1527.2369746029556,Group stage
1962-06-07,England,Bulgaria,0,0,1509.3326697067312,1463.635871586303,Group stage
1962-06-10,Yugoslavia,West Germany,1,0,1560.0380508897133,1537.2700638120125,Quarter-finals
1962-06-10,Czechoslovakia,Hungary,1,0,1490.235081899785,1655.9325586767688,Quarter-finals
1962-06-10,Brazil,England,3,1,1705.605114759246,1507.2403058137734,Quarter-finals
1962-06-10,Chile,Soviet Union,2,1,1525.0367821157395,1547.060165384336,Quarter-finals
1962-06-13,Czechoslovakia,Yugoslavia,3,1,1513.3354031893414,1574.9910446562053,Semi-finals
1962-06-13,Brazil,Chile,4,2,1717.2199351981312,1542.0496401748494,Semi-finals
1962-06-16,Chile,Yugoslavia,1,0,1529.2192078088694,1546.7761757741941,Third-place match
1962-06-17,Brazil,Czechoslovakia,3,1,1730.0503675641112,1541.5502720713525,Final
1966-07-11,England,Uruguay,0,0,1495.625485374888,1603.1540353971366,Group stage
1966-07-12,Soviet Union,Korea DPR,3,0,1530.047307325226,1500.0,Group stage
1966-07-12,Brazil,Bulgaria,2,0,1742.1724449060869,1465.7282354792608,Group stage
1966-07-12,West Germany,Switzerland,5,0,1522.3170700455205,1445.7183420959566,Group stage
1966-07-13,Portugal,Hungary,3,1,1500.0,1632.8322373872124,Group stage
1966-07-13,Italy,Chile,2,0,1581.7383212466452,1546.0270485500182,Group stage
1966-07-13,France,Mexico,1,1,1551.0608810967303,1353.4764724486156,Group stage
1966-07-13,Argentina,Spain,2,1,1502.5440150127972,1495.1662290191853,Group stage
1966-07-15,Korea DPR,Chile,1,1,1474.4155077441346,1524.485245165211,Group stage
1966-07-15,Hungary,Brazil,3,1,1600.0789041990504,1750.293821269534,Group stage
1966-07-15,Uruguay,France,2,1,1598.354436656036,1542.8304933057068,Group stage
1966-07-15,Spain,Switzerland,2,1,1479.5059375607539,1417.529078396667,Group stage
1966-07-16,Soviet Union,Italy,1,0,1555.6317995810914,1603.2801246314525,Group stage
1966-07-16,West Germany,Argentina,0,0,1550.50633374481,1518.2043064712286,Group stage
1966-07-16,England,Mexico,2,0,1500.4250841159887,1361.7068602396391,Group stage
1966-07-16,Portugal,Bulgaria,3,0,1532.753333188162,1457.6068591158137,Group stage
1966-07-19,Portugal,Brazil,3,1,1554.789945074029,1716.5189547132518,Group stage
1966-07-19,Uruguay,Mexico,0,0,1611.8190123799695,1346.8104994972812,Group stage
1966-07-19,Korea DPR,Italy,1,0,1476.7054733330576,1585.099492299611,Group stage
1966-07-19,Argentina,Switzerland,2,0,1519.6875984402755,1404.3533250375212,Group stage
1966-07-20,Soviet Union,Chile,2,1,1573.8124319129329,1522.195279576288,Group stage
1966-07-20,West Germany,Spain,2,1,1549.023041775763,1492.6816909198997,Group stage
1966-07-20,Hungary,Bulgaria,3,1,1633.8537707553328,1435.5702472299467,Group stage
1966-07-20,England,France,2,0,1515.3214448583467,1529.3659175817731,Group stage
1966-07-23,West Germany,Uruguay,4,0,1562.4509334847378,1601.5358551810095,Quarter-finals
1966-07-23,Soviet Union,Hungary,2,1,1587.452709883533,1645.4727113777933,Quarter-finals
1966-07-23,England,Argentina,1,0,1540.2910745843985,1536.0008861833398,Quarter-finals
1966-07-23,Portugal,Korea DPR,5,3,1589.2191684443956,1497.5413147659708,Quarter-finals
1966-07-25,West Germany,Soviet Union,2,1,1598.0356786301543,1606.1000660968002,Semi-finals
1966-07-26,England,Portugal,2,1,1556.0935141482644,1607.0292860441236,Semi-finals
1966-07-28,Portugal,Soviet Union,2,1,1588.700269062693,1589.7287540096293,Third-place match
1966-07-30,England,West Germany,4,2,1574.422531129695,1614.4069907173252,Final
1970-05-31,Mexico,Soviet Union,0,0,1357.093656696241,1573.6813906658322,Group stage
1970-06-02,Uruguay,Israel,2,0,1565.951110035593,1500.0,Group stage
1970-06-02,Peru,Bulgaria,3,2,1461.1034862312586,1423.9513066074862,Group stage
1970-06-02,England,Romania,1,0,1601.1724301552879,1461.7121764483081,Group stage
1970-06-03,West Germany,Morocco,2,1,1587.6570916917324,1500.0,Group stage
1970-06-03,Italy,Sweden,1,0,1564.2636508666978,1566.0928696710737,Group stage
1970-06-03,Brazil,Czechoslovakia,4,1,1682.0897313428852,1529.4281947293769,Group stage
1970-06-03,Belgium,El Salvador,3,0,1401.4670105062414,1500.0,Group stage
1970-06-06,Peru,Morocco,3,0,1475.3990566603668,1487.953232409588,Group stage
1970-06-06,Soviet Union,Belgium,4,1,1564.825652085256,1437.2015726575632,Group stage
1970-06-06,Uruguay,Italy,0,0,1585.4493098326607,1580.347888727376,Group stage
1970-06-06,Romania,Czechoslovakia,2,1,1451.8105005872849,1512.9961992412489,Group stage
1970-06-07,Mexico,El Salvador,4,0,1365.9493952768173,1464.2654378486782,Group stage
1970-06-07,West Germany,Bulgaria,5,2,1599.7038592821443,1409.655736178378,Group stage
1970-06-07,Sweden,Israel,1,1,1550.0086318103956,1480.5018002029324,Group stage
1970-06-07,Brazil,England,1,0,1698.5217268310132,1611.0741060163111,Group stage
1970-06-10,Soviet Union,El Salvador,2,0,1582.97929769955,1423.4443982782002,Group stage
1970-06-10,Sweden,Uruguay,1,0,1546.8497541787044,1585.2143975903923,Group stage
1970-06-10,Brazil,Romania,3,2,1710.5775533703195,1470.5994340153782,Group stage
1970-06-10,West Germany,Peru,3,1,1613.752292165033,1504.4103635877152,Group stage
1970-06-11,England,Czechoslovakia,1,0,1599.0182794770049,1494.2072658131556,Group stage
1970-06-11,Bulgaria,Morocco,1,1,1395.6073032954894,1458.9419254822396,Group stage
1970-06-11,Italy,Israel,0,0,1580.5828009696443,1483.6606778346236,Group stage
1970-06-11,Mexico,Belgium,1,0,1406.7704348472953,1419.0479270432693,Group stage
1970-06-14,West Germany,England,3,2,1630.4390813795865,1610.3328320543224,Quarter-finals
1970-06-14,Uruguay,Soviet Union,1,0,1567.4547863619894,1596.6733542916418,Quarter-finals
1970-06-14,Italy,Mexico,4,1,1576.2316611107667,1423.3355990300627,Quarter-finals
1970-06-14,Brazil,Peru,4,2,1717.0025204057483,1487.7235743731617,Quarter-finals
1970-06-17,Brazil,Uruguay,3,1,1727.1231105811346,1584.7971879474148,Semi-finals
1970-06-17,Italy,West Germany,4,3,1592.6479865276526,1645.514186636681,Semi-finals
1970-06-20,West Germany,Uruguay,1,0,1627.098225034165,1570.113336474544,Third-place match
1970-06-21,Brazil,Italy,4,1,1741.8069620540055,1611.0639481301687,Final
1974-06-13,Brazil,Yugoslavia,0,0,1759.741033436967,1529.9683350330454,First round
1974-06-14,Zaire,Scotland,0,2,1500.0,1434.1639793623578,First round
1974-06-14,Germany DR,Australia,2,0,1500.0,1500.0,First round
1974-06-14,West Germany,Chile,1,0,1640.497255239096,1508.5550016056877,First round
1974-06-15,Poland,Argentina,3,2,1483.523528419433,1520.198446619474,First round
1974-06-15,Italy,Haiti,3,1,1593.1298767472072,1500.0,First round
1974-06-15,Sweden,Bulgaria,0,0,1564.6093654071074,1398.4920869604923,First round
1974-06-15,Uruguay,Netherlands,0,2,1556.714306269613,1460.5460648329472,First round
1974-06-18,Australia,West Germany,0,3,1476.0,1650.6972662433063,First round
1974-06-18,Yugoslavia,Zaire,9,0,1539.2363960502566,1471.5058706482205,First round
1974-06-18,Scotland,Brazil,0,0,1462.6581087141374,1750.4729724197557,First round
1974-06-18,Chile,Germany DR,1,1,1498.3549906014773,1524.0,First round
1974-06-19,Netherlands,Sweden,0,0,1491.0245212111124,1557.4935270657081,First round
1974-06-19,Haiti,Poland,0,7,1482.283411293177,1501.2062255366563,First round
1974-06-19,Argentina,Italy,1,1,1502.5157495022506,1610.84646545403,First round
1974-06-19,Bulgaria,Uruguay,1,1,1405.6079253018916,1526.2358498914477,First round
1974-06-22,Scotland,Yugoslavia,1,1,1473.531944645611,1581.2257932303467,First round
1974-06-22,Germany DR,West Germany,1,0,1522.8211437973773,1665.6959875501632,First round
1974-06-22,Zaire,Brazil,0,3,1429.5164734681305,1739.599136488282,First round
1974-06-22,Australia,Chile,0,0,1461.0012786931431,1499.5338468041,First round
1974-06-23,Argentina,Haiti,4,1,1507.3489418796212,1440.6774710020104,First round
1974-06-23,Sweden,Uruguay,3,0,1554.4693225427068,1520.893679479119,First round
1974-06-23,Poland,Italy,2,1,1542.812165827823,1606.0132730766595,First round
1974-06-23,Bulgaria,Netherlands,1,4,1410.9500957142202,1494.0487257341138,First round
1974-06-26,Netherlands,Argentina,4,0,1515.4766127746614,1530.0408518755123,Second round
1974-06-26,Sweden,Poland,0,1,1579.771837452426,1561.691000367467,Second round
1974-06-26,Brazil,Germany DR,1,0,1747.6457417965198,1545.0533661010834,Second round
1974-06-26,Yugoslavia,West Germany,0,2,1576.4192681888328,1643.4637652464571,Second round
1974-06-30,Argentina,Brazil,1,2,1496.700221052423,1755.2470134343341,Second round
1974-06-30,Poland,Yugoslavia,2,1,1578.5229028223855,1556.9938962368985,Second round
1974-06-30,West Germany,Sweden,4,2,1662.8891371983914,1562.9399349975076,Second round
1974-06-30,Germany DR,Netherlands,0,2,1537.452094463269,1548.8172435977506,Second round
1974-07-03,Sweden,Yugoslavia,2,1,1545.659821228118,1541.9840766158406,Second round
1974-07-03,Argentina,Germany DR,1,1,1490.806628247037,1514.2368912501436,Second round
1974-07-03,Netherlands,Brazil,2,0,1572.032446810876,1761.1406062397202,Second round
1974-07-03,Poland,West Germany,0,1,1593.5327224434434,1680.169250967781,Second round
1974-07-06,Brazil,Poland,0,1,1725.2309958178832,1581.4417933888542,Third-place match
1974-07-07,Netherlands,West Germany,1,2,1607.942057232713,1692.2601800223702,Final
1978-06-01,West Germany,Poland,0,0,1704.4516650752732,1603.7096981687596,First round
1978-06-02,Argentina,Hungary,2,1,1491.8839989896544,1626.8253551645262,First round
1978-06-02,Tunisia,Mexico,3,1,1500.0,1406.9192736131768,First round
1978-06-02,Italy,France,2,1,1587.1344385370155,1504.3962878557213,First round
1978-06-03,Austria,Spain,2,1,1520.1901196000983,1479.2537992109249,First round
1978-06-03,Sweden,Brazil,1,1,1561.490553248397,1702.9630910379778,First round
1978-06-03,Netherlands,IR Iran,3,0,1595.75057217981,1500.0,First round
1978-06-03,Peru,Scotland,3,1,1477.6029841977754,1478.3384696871249,First round
1978-06-06,Poland,Tunisia,1,0,1608.2232468028042,1517.7197512913876,First round
1978-06-06,West Germany,Mexico,6,0,1699.9381164412287,1389.1995223217891,First round
1978-06-06,Italy,Hungary,3,1,1599.3946353431993,1604.9057785132834,First round
1978-06-06,Argentina,France,2,1,1513.8035756408972,1492.1360910495375,First round
1978-06-07,Scotland,IR Iran,1,1,1454.2876642252988,1479.5269814846395,First round
1978-06-07,Netherlands,Peru,0,0,1616.2235906951705,1501.6537896596014,First round
1978-06-07,Brazil,Spain,0,0,1696.7857353395948,1465.130310874537,First round
1978-06-07,Austria,Sweden,1,0,1534.3136079364863,1567.66790894678,First round
1978-06-10,Italy,Argentina,1,0,1623.7752997001724,1528.807042695052,First round
1978-06-10,West Germany,Tunisia,0,0,1711.396149656666,1505.7958119091104,First round
1978-06-10,Poland,Mexico,3,1,1620.1471861850814,1377.7414891063518,First round
1978-06-10,France,Hungary,3,1,1477.1326239953828,1580.5251141563103,First round
1978-06-11,Brazil,Austria,1,0,1687.4602442163252,1551.8449287958285,First round
1978-06-11,Peru,IR Iran,4,1,1506.74664833672,1478.3667082656675,First round
1978-06-11,Spain,Sweden,1,0,1474.4558019978065,1550.1365880874378,First round
1978-06-11,Scotland,Netherlands,3,2,1455.4479374442708,1611.130732018052,First round
1978-06-14,Argentina,Poland,2,0,1517.074731312857,1629.677450747231,Second round
1978-06-14,Brazil,Peru,3,0,1697.513898193767,1532.4645686964293,Second round
1978-06-14,West Germany,Italy,0,0,1702.8975245097881,1635.5076110823672,Second round
1978-06-14,Netherlands,Austria,5,1,1588.405473996226,1541.7912748183867,Second round
1978-06-18,Argentina,Brazil,0,0,1548.591686094651,1713.1303185049492,Second round
1978-06-18,Italy,Austria,1,0,1638.5726892834393,1514.0590244983712,Second round
1978-06-18,West Germany,Netherlands,2,2,1699.832446308716,1616.1377243162415,Second round
1978-06-18,Poland,Peru,1,0,1598.160495965437,1516.8481483852474,Second round
1978-06-21,Netherlands,Italy,2,1,1619.9191456667177,1649.072120732531,Second round
1978-06-21,Austria,West Germany,3,2,1503.5595930492796,1696.0510249582399,Second round
1978-06-21,Argentina,Peru,6,0,1555.6490868745311,1504.5258189295325,Second round
1978-06-21,Brazil,Poland,3,1,1706.0729177250691,1610.4828254211518,Second round
1978-06-24,Brazil,Italy,2,1,1723.631505049785,1631.7327185944582,Third-place match
1978-06-25,Argentina,Netherlands,3,1,1589.8054171885626,1637.2585478047904,Final
1982-06-13,Argentina,Belgium,0,1,1617.0631315753271,1402.482762860502,First group stage
1982-06-14,Brazil,Soviet Union,2,1,1735.495420792219,1579.3309527062163,First group stage
1982-06-14,Italy,Poland,0,0,1619.8688028520241,1592.924238096436,First group stage
1982-06-15,Scotland,New Zealand,5,2,1478.1731954660968,1500.0,First group stage
1982-06-15,Hungary,El Salvador,10,1,1549.5866348685488,1409.7503416861084,First group stage
1982-06-15,Peru,Cameroon,0,0,1470.369488615501,1500.0,First group stage
1982-06-16,Spain,Honduras,1,1,1493.8869344972102,1500.0,First group stage
1982-06-16,West Germany,Algeria,1,2,1671.994414435578,1500.0,First group stage
1982-06-16,England,France,3,1,1595.2577267972279,1508.0711032831443,First group stage
1982-06-17,Chile,Austria,0,1,1497.7665962947713,1527.6162035719415,First group stage
1982-06-17,Yugoslavia,Northern Ireland,0,0,1526.1533445955617,1478.9554519468911,First group stage
1982-06-17,Czechoslovakia,Kuwait,1,1,1482.892713235838,1500.0,First group stage
1982-06-18,Brazil,Scotland,4,1,1744.7519105433591,1507.9299176177335,First group stage
1982-06-18,Italy,Peru,1,1,1618.6304414694027,1471.7307254765392,First group stage
1982-06-18,Argentina,Hungary,4,1,1592.2717213302737,1581.7189962338532,First group stage
1982-06-19,Belgium,El Salvador,1,0,1427.2741731055553,1377.617980320804,First group stage
1982-06-19,Soviet Union,New Zealand,3,0,1570.0744629550761,1470.2432778483633,First group stage
1982-06-19,Poland,Cameroon,0,0,1594.1625994790575,1498.6387631389618,First group stage
1982-06-20,Spain,Yugoslavia,2,1,1494.1684225203337,1523.9930737276093,First group stage
1982-06-20,England,Czechoslovakia,2,0,1613.3584032118613,1483.6798968452504,First group stage
1982-06-20,West Germany,Chile,4,1,1648.6630988407715,1483.137849324819,First group stage
1982-06-21,Algeria,Austria,0,2,1523.3313155948065,1542.2449505418938,First group stage
1982-06-21,Honduras,Northern Ireland,1,1,1499.7185119768765,1481.1157228148436,First group stage
1982-06-21,France,Kuwait,4,1,1489.970426868511,1499.2128163905877,First group stage
1982-06-22,Poland,Peru,5,1,1589.8711559157223,1478.1194649011395,First group stage
1982-06-22,Soviet Union,Scotland,2,2,1590.243361932113,1496.5220754014051,First group stage
1982-06-22,Belgium,Hungary,1,1,1441.0028650114837,1554.5691839710187,First group stage
1982-06-23,Argentina,El Salvador,2,0,1619.4215335931083,1363.8892884148756,First group stage
1982-06-23,Italy,Cameroon,1,1,1612.2417020448024,1502.930206702297,First group stage
1982-06-23,Brazil,New Zealand,4,0,1756.1597527596875,1450.0743788713264,First group stage
1982-06-24,Honduras,Yugoslavia,0,1,1498.8626396110685,1506.6229615326217,First group stage
1982-06-24,Algeria,Chile,3,2,1500.6365341380413,1467.5522626429631,First group stage
1982-06-24,France,Czechoslovakia,1,1,1518.7150998120846,1468.243735042025,First group stage
1982-06-25,Northern Ireland,Spain,1,0,1481.9715951806515,1511.5385347153212,First group stage
1982-06-25,West Germany,Austria,1,0,1664.2486855226273,1564.939731998659,First group stage
1982-06-25,England,Kuwait,1,0,1628.7945650150866,1470.468143447014,First group stage
1982-06-28,Poland,Belgium,3,0,1611.9192970895185,1446.0541556089315,Second group stage
1982-06-28,Austria,France,0,1,1553.3924691240366,1516.4070204722693,Second group stage
1982-06-29,Italy,Argentina,2,1,1607.3674995910092,1628.3877637732546,Second group stage
1982-06-29,West Germany,England,0,0,1675.7959483972497,1637.969394124698,Second group stage
1982-07-01,Austria,Northern Ireland,2,2,1535.695631053173,1499.3299255949446,Second group stage
1982-07-01,Belgium,Soviet Union,0,1,1430.490566741333,1586.029063789069,Second group stage
1982-07-02,West Germany,Spain,2,1,1674.060821535573,1494.1802043010282,Second group stage
1982-07-02,Argentina,Brazil,1,3,1611.4209242173354,1765.5385624847684,Second group stage
1982-07-04,Poland,Soviet Union,0,0,1627.482885957117,1595.3092778298899,Second group stage
1982-07-04,France,Northern Ireland,4,1,1534.103858543133,1500.998539122671,Second group stage
1982-07-05,Spain,England,0,0,1485.7954416737323,1639.7045209863747,Second group stage
1982-07-05,Italy,Brazil,3,2,1624.3343391469284,1779.5398591628887,Second group stage
1982-07-08,West Germany,France,3,3,1682.445584162869,1559.4439301458874,Semi-finals
1982-07-08,Poland,Italy,0,2,1626.005457282621,1647.0414906388344,Semi-finals
1982-07-10,Poland,France,3,2,1603.4568019319277,1564.88300595891,Third-place match
1982-07-11,Italy,West Germany,3,1,1669.5901459895276,1677.0065083498464,Final
1986-05-31,Bulgaria,Italy,1,1,1389.5222086736726,1694.102372355354,Group stage
1986-06-01,Spain,Brazil,0,1,1492.4533044235427,1756.8327076709827,Group stage
1986-06-01,Canada,France,0,1,1500.0,1550.65213189397,Group stage
1986-06-02,Soviet Union,Hungary,6,0,1596.786706504386,1549.5178933735708,Group stage
1986-06-02,Morocco,Poland,0,0,1456.0571418172367,1617.6876759968677,Group stage
1986-06-02,Argentina,Korea Republic,3,1,1597.419627539215,1417.0921307877563,Group stage
1986-06-03,Belgium,Mexico,1,2,1421.210352700512,1368.2112245442022,Group stage
1986-06-03,Portugal,England,1,0,1604.74763240649,1633.0466582365643,Group stage
1986-06-03,Algeria,Northern Ireland,1,1,1515.1175356048159,1475.6584675199165,Group stage
1986-06-04,Paraguay,Iraq,1,0,1465.2281691012554,1500.0,Group stage
1986-06-04,Scotland,Denmark,0,1,1500.7363735444492,1500.0,Group stage
1986-06-04,Uruguay,West Germany,1,1,1495.5911645693998,1652.49428198402,Group stage
1986-06-05,Korea Republic,Bulgaria,1,1,1404.53884871761,1400.7980196810179,Group stage
1986-06-05,France,Soviet Union,1,1,1564.3359017643536,1631.378013378145,Group stage
1986-06-05,Italy,Argentina,1,1,1682.8265613480087,1609.9729096093613,Group stage
1986-06-06,England,Morocco,0,0,1615.7463142841862,1463.006278339534,Group stage
1986-06-06,Hungary,Canada,2,0,1514.926586499812,1486.3162301296163,Group stage
1986-06-06,Brazil,Algeria,1,0,1762.566574842698,1513.3081512369506,Group stage
1986-06-07,Mexico,Paraguay,1,1,1386.6331677903443,1482.8241460608815,Group stage
1986-06-07,Poland,Portugal,1,0,1610.7385394745704,1622.0479763588683,Group stage
1986-06-07,Northern Ireland,Spain,1,2,1477.4678518877818,1486.7194372518275,Group stage
1986-06-08,Denmark,Uruguay,6,1,1516.0339112041493,1502.3626232998943,Group stage
1986-06-08,West Germany,Scotland,2,1,1645.7228232535256,1484.7024623403,Group stage
1986-06-08,Iraq,Belgium,1,2,1482.4040230403739,1402.78840945437,Group stage
1986-06-09,Hungary,France,0,3,1536.9547082288943,1567.385547933715,Group stage
1986-06-09,Soviet Union,Canada,2,0,1628.3283672087834,1464.288108400534,Group stage
1986-06-10,Korea Republic,Italy,2,3,1404.3665838308127,1679.5198503167364,Group stage
1986-06-10,Argentina,Bulgaria,2,0,1613.2796206406335,1400.9702845678153,Group stage
1986-06-11,Paraguay,Belgium,2,2,1478.5042043843932,1422.3919881721815,Group stage
1986-06-11,Portugal,Morocco,1,3,1605.5273414149092,1469.6195643411493,Group stage
1986-06-11,England,Poland,3,0,1609.1330282825709,1627.2591744185295,Group stage
1986-06-11,Iraq,Mexico,0,1,1462.8004443225623,1390.9531094668325,Group stage
1986-06-12,Algeria,Spain,0,3,1507.1531235339855,1502.2934866711632,Group stage
1986-06-12,Northern Ireland,Brazil,0,3,1461.893802468446,1768.721602545663,Group stage
1986-06-13,Denmark,West Germany,2,0,1550.6180732003456,1654.7965030828977,Group stage
1986-06-13,Scotland,Uruguay,0,0,1475.6287825109277,1467.778461303698,Group stage
1986-06-15,Mexico,Bulgaria,2,0,1410.2154308427862,1390.0474921876971,Round of 16
1986-06-15,Soviet Union,Belgium,3,4,1641.7700120590519,1424.9538160280936,Round of 16
1986-06-16,Argentina,Uruguay,1,0,1624.2024130207517,1468.1399204449126,Round of 16
1986-06-16,Brazil,Poland,4,0,1776.898173544608,1597.7997035403268,Round of 16
1986-06-17,Morocco,West Germany,0,1,1502.5564900619083,1623.8083032673762,Round of 16
1986-06-17,Italy,France,0,2,1684.9676106511622,1592.9393640965661,Round of 16
1986-06-18,Denmark,Spain,1,5,1581.6062730158671,1530.68510159182,Round of 16
1986-06-18,England,Paraguay,3,0,1638.5924991607735,1475.9423765284812,Round of 16
1986-06-21,West Germany,Mexico,0,0,1634.4406199823197,1432.823841663525,Quarter-finals
1986-06-21,Brazil,France,1,1,1793.7234779836358,1623.151834864127,Quarter-finals
1986-06-22,Argentina,England,2,1,1633.462765188719,1654.3649261349212,Quarter-finals
1986-06-22,Spain,Belgium,1,1,1567.3418192871193,1449.8168499518106,Quarter-finals
1986-06-25,Argentina,Belgium,2,0,1650.424185638385,1455.0316776855013,Semi-finals
1986-06-25,France,West Germany,0,2,1630.431288791144,1626.0744879913836,Semi-finals
1986-06-28,France,Belgium,4,2,1606.1303474279418,1443.2655515815268,Third-place match
1986-06-29,Argentina,West Germany,3,2,1662.1903117423597,1650.3754293545858,Final
1990-06-08,Argentina,Cameroon,0,1,1677.6464259358424,1507.8044091560903,Group stage
1990-06-09,Italy,Austria,1,0,1654.7551398836013,1534.0270175254466,Group stage
1990-06-09,Soviet Union,Romania,0,2,1616.9069781353348,1464.1744669799493,Group stage
1990-06-09,United Arab Emirates,Colombia,0,2,1500.0,1459.862810250444,Group stage
1990-06-10,Brazil,Sweden,2,1,1786.444024056619,1530.705455588034,Group stage
1990-06-10,West Germany,Yugoslavia,4,1,1634.919315161103,1522.2656449205708,Group stage
1990-06-10,United States,Czechoslovakia,1,5,1445.8583402974473,1470.5518143818404,Group stage
1990-06-11,England,Republic of Ireland,1,1,1637.4035056852551,1500.0,Group stage
1990-06-11,Costa Rica,Scotland,1,0,1500.0,1475.267323369713,Group stage
1990-06-12,Belgium,Korea Republic,2,0,1429.758326323114,1398.918823496387,Group stage
1990-06-12,Netherlands,Egypt,1,1,1610.0008334180259,1476.0,Group stage
1990-06-13,Argentina,Soviet Union,2,0,1654.39364287963,1582.9874801281471,Group stage
1990-06-13,Uruguay,Spain,0,0,1458.8795682769453,1562.1269915534285,Group stage
1990-06-14,Cameroon,Romania,2,1,1531.0571922123027,1498.093964987137,Group stage
1990-06-14,Italy,United States,1,0,1665.4088699863273,1416.1288714413274,Group stage
1990-06-14,Yugoslavia,Colombia,1,0,1503.0391286728131,1486.6231204694639,Group stage
1990-06-15,West Germany,United Arab Emirates,5,1,1654.1458314088607,1473.2396897809801,Group stage
1990-06-15,Austria,Czechoslovakia,0,1,1523.3732874227205,1500.2812832379602,Group stage
1990-06-16,Sweden,Scotland,1,2,1524.7337399233688,1460.404385182245,Group stage
1990-06-16,England,Netherlands,0,0,1631.386320756171,1604.1186781707836,Group stage
1990-06-16,Brazil,Costa Rica,1,0,1792.4157397212841,1514.862938187468,Group stage
1990-06-17,Korea Republic,Spain,1,3,1377.043563597771,1557.5074616431552,Group stage
1990-06-17,Belgium,Uruguay,3,1,1451.63358622173,1463.4990981872186,Group stage
1990-06-17,Republic of Ireland,Egypt,0,0,1506.0171849290841,1481.8821552472423,Group stage
1990-06-18,Cameroon,Soviet Union,0,4,1545.5437179144617,1563.851746501539,Group stage
1990-06-18,Argentina,Romania,1,1,1673.5293765062381,1483.607439284978,Group stage
1990-06-19,West Germany,Colombia,1,1,1670.8424018686815,1471.3785435143718,Group stage
1990-06-19,Yugoslavia,United Arab Emirates,4,1,1518.2837056279052,1456.5431193211593,Group stage
1990-06-19,Italy,Czechoslovakia,2,0,1671.563280320334,1517.3431462039266,Group stage
1990-06-19,Austria,United States,2,1,1506.3114244567541,1409.9744611073208,Group stage
1990-06-20,Brazil,Scotland,1,0,1797.8013457205154,1479.333465836386,Group stage
1990-06-20,Sweden,Costa Rica,1,2,1505.8046592692278,1509.4773321882367,Group stage
1990-06-21,England,Egypt,1,0,1630.1331712849062,1482.9918300809597,Group stage
1990-06-21,Republic of Ireland,Netherlands,1,1,1504.9075100953667,1605.3718276420484,Group stage
1990-06-21,Korea Republic,Uruguay,0,1,1364.49755907317,1438.6797761687042,Group stage
1990-06-21,Belgium,Spain,1,2,1476.4529082402444,1570.0534661677564,Group stage
1990-06-23,Czechoslovakia,Costa Rica,4,1,1503.3477000928885,1525.3082056493995,Round of 16
1990-06-23,Cameroon,Colombia,2,1,1515.2283906542411,1479.6724037324332,Round of 16
1990-06-24,West Germany,Netherlands,2,1,1662.54854165062,1600.8700503748003,Round of 16
1990-06-24,Brazil,Argentina,0,1,1802.2126014361945,1665.5614215700728,Round of 16
1990-06-25,Italy,Uruguay,2,0,1685.558726431372,1451.3145422278983,Round of 16
1990-06-25,Republic of Ireland,Romania,0,0,1509.4092873626148,1491.5753942211434,Round of 16
1990-06-26,England,Belgium,1,0,1639.735081307101,1464.6620318671507,Round of 16
1990-06-26,Spain,Yugoslavia,1,2,1581.84434254085,1541.3597242766066,Round of 16
1990-06-30,Italy,Republic of Ireland,1,0,1695.452925315819,1508.5887267706012,Quarter-finals
1990-06-30,Yugoslavia,Argentina,0,0,1559.2157172995571,1687.5488364446749,Quarter-finals
1990-07-01,England,Cameroon,3,2,1648.292211679235,1529.5966693865562,Quarter-finals
1990-07-01,West Germany,Czechoslovakia,1,0,1675.7376092562276,1533.1151546002968,Quarter-finals
1990-07-03,Italy,Argentina,1,1,1703.5913257818888,1681.8937541575078,Semi-finals
1990-07-04,West Germany,England,1,1,1685.51524924276,1659.029256532209,Semi-finals
1990-07-07,Italy,England,2,1,1702.593412659292,1660.2466242644282,Third-place match
1990-07-08,West Germany,Argentina,1,0,1684.297881510541,1682.8916672801047,Final
1994-06-17,Spain,Korea Republic,2,2,1563.9883495178995,1351.8627930139758,Group stage
1994-06-17,Germany,Bolivia,1,0,1623.524000495825,1412.5681816501938,Group stage
1994-06-18,United States,Switzerland,1,1,1398.3006348544059,1388.0400372944569,Group stage
1994-06-18,Colombia,Romania,1,3,1465.3041250001181,1492.395954813157,Group stage
1994-06-18,Italy,Republic of Ireland,0,1,1716.6528708342155,1500.4503263045312,Group stage
1994-06-19,Cameroon,Sweden,2,2,1518.859624533582,1489.973785808065,Group stage
1994-06-19,Norway,Mexico,1,0,1487.9171802332312,1441.189973654461,Group stage
1994-06-19,Belgium,Morocco,1,0,1456.1049014950167,1491.9241733469648,Group stage
1994-06-20,Netherlands,Saudi Arabia,2,1,1587.6809827691927,1500.0,Group stage
1994-06-20,Brazil,Russia,2,0,1780.2251865615924,1500.0,Group stage
1994-06-21,Nigeria,Bulgaria,3,0,1500.0,1367.4390813669584,Group stage
1994-06-21,Germany,Spain,1,1,1630.8497806687665,1555.2761634247338,Group stage
1994-06-21,Argentina,Greece,4,0,1666.9564254849836,1500.0,Group stage
1994-06-22,United States,Colombia,2,1,1397.8282541973642,1443.171778513047,Group stage
1994-06-22,Romania,Switzerland,1,4,1514.5283013002281,1388.5124179514985,Group stage
1994-06-23,Korea Republic,Bolivia,0,0,1360.5749791071414,1405.2424014772523,Group stage
1994-06-23,Italy,Norway,1,0,1691.809444307322,1501.7781939977974,Group stage
1994-06-24,Sweden,Russia,3,1,1491.3009712897208,1492.024422983424,Group stage
1994-06-24,Brazil,Cameroon,3,0,1788.2007635781683,1517.5324390519263,Group stage
1994-06-24,Mexico,Republic of Ireland,2,1,1427.3289598898948,1525.2937528314246,Group stage
1994-06-25,Belgium,Netherlands,1,0,1473.7486204498164,1599.7267173178657,Group stage
1994-06-25,Argentina,Nigeria,2,1,1684.6628142807695,1517.8067404256262,Group stage
1994-06-25,Saudi Arabia,Morocco,2,1,1487.954265451327,1474.2804543921652,Group stage
1994-06-26,Bulgaria,Greece,4,0,1349.6323409413321,1482.2936112042141,Group stage
1994-06-26,Switzerland,Colombia,0,2,1426.2450098817985,1425.095407378992,Group stage
1994-06-26,United States,Romania,0,1,1415.9046253314193,1476.795709369928,Group stage
1994-06-27,Bolivia,Spain,1,3,1403.196649324194,1558.702587265058,Group stage
1994-06-27,Germany,Korea Republic,3,2,1627.4233568284424,1362.6207312601998,Group stage
1994-06-28,Italy,Mexico,1,1,1699.8377043619266,1447.7245290098795,Group stage
1994-06-28,Brazil,Sweden,1,1,1797.9403163621848,1515.3509454900573,Group stage
1994-06-28,Russia,Cameroon,6,1,1467.9744487830876,1507.7928862679098,Group stage
1994-06-28,Republic of Ireland,Norway,0,0,1504.89818371144,1493.749933943193,Group stage
1994-06-29,Belgium,Saudi Arabia,0,1,1495.3085716070216,1503.3248881004852,Group stage
1994-06-29,Morocco,Netherlands,1,2,1458.909831743007,1578.1667661606605,Group stage
1994-06-30,Argentina,Bulgaria,0,2,1693.5197084700449,1393.2897974113594,Group stage
1994-06-30,Greece,Nigeria,0,2,1438.636154734187,1508.9498462363508,Group stage
1994-07-02,Spain,Switzerland,3,0,1572.624760786046,1402.1655984440301,Round of 16
1994-07-02,Germany,Belgium,3,2,1633.1457667993832,1479.6776711292257,Round of 16
1994-07-03,Romania,Argentina,3,2,1490.0199331609836,1652.7585878148261,Round of 16
1994-07-03,Saudi Arabia,Sweden,1,3,1518.955788578281,1526.0939584373375,Round of 16
1994-07-04,Netherlands,Republic of Ireland,2,0,1588.8807674691047,1504.3849639602622,Round of 16
1994-07-04,Brazil,United States,1,0,1787.1973034149046,1402.6804015403638,Round of 16
1994-07-05,Mexico,Bulgaria,1,1,1457.6507806636027,1434.050918066578,Round of 16
1994-07-05,Nigeria,Italy,1,2,1528.1579910301002,1689.9114527082033,Round of 16
1994-07-09,Netherlands,Brazil,2,3,1607.1564181317765,1790.3508560219461,Quarter-finals
1994-07-09,Italy,Spain,2,1,1698.9577237365456,1587.8929059769573,Quarter-finals
1994-07-10,Romania,Sweden,2,2,1513.010416912106,1549.6009404993142,Quarter-finals
1994-07-10,Bulgaria,Germany,2,1,1435.136063490111,1642.5047045642943,Quarter-finals
1994-07-13,Sweden,Brazil,0,1,1547.9220870092283,1798.618118712424,Semi-finals
1994-07-13,Bulgaria,Italy,1,2,1459.6929886744972,1710.0103841853656,Semi-finals
1994-07-16,Sweden,Bulgaria,4,0,1541.8080934641937,1453.5682078920247,Third-place match
1994-07-17,Brazil,Italy,0,0,1804.7321122574585,1716.1351649678381,Final
1998-06-10,Brazil,Scotland,2,1,1800.7382673770835,1474.922210120707,Group stage
1998-06-10,Morocco,Norway,2,2,1448.1958304345628,1494.2631536943707,Group stage
1998-06-11,Cameroon,Austria,1,1,1467.6850154164265,1517.9852507096691,Group stage
1998-06-11,Italy,Chile,2,2,1720.1290098482132,1453.0712611761885,Group stage
1998-06-12,France,South Africa,3,0,1619.6375726863546,1500.0,Group stage
1998-06-12,Saudi Arabia,Denmark,0,1,1495.4488065163043,1544.949555320568,Group stage
1998-06-12,Paraguay,Bulgaria,0,0,1460.1699495543335,1429.5250522429906,Group stage
1998-06-13,Netherlands,Belgium,0,0,1598.8891554412987,1470.3187333643145,Group stage
1998-06-13,Korea Republic,Mexico,1,3,1356.898321289259,1456.56563524007,Group stage
1998-06-13,Spain,Nigeria,2,3,1576.8402455281373,1519.111720001758,Group stage
1998-06-14,Jamaica,Croatia,1,3,1500.0,1500.0,Group stage
1998-06-14,FR Yugoslavia,IR Iran,1,0,1500.0,1452.6487879059582,Group stage
1998-06-14,Argentina,Japan,1,0,1629.7681040637035,1500.0,Group stage
1998-06-15,England,Tunisia,2,0,1646.1871660895047,1514.2944370559883,Group stage
1998-06-15,Germany,United States,2,0,1617.947779379908,1399.526848933322,Group stage
1998-06-15,Romania,Colombia,1,0,1514.6892704021918,1449.1748188167603,Group stage
1998-06-16,Brazil,Morocco,3,0,1804.991101868909,1450.3049634872987,Group stage
1998-06-16,Scotland,Norway,1,1,1470.6693756288814,1492.1540206416348,Group stage
1998-06-17,Italy,Cameroon,3,0,1709.7906724541722,1469.9853774004093,Group stage
1998-06-17,Chile,Austria,1,1,1463.4095985702295,1515.6848887256863,Group stage
1998-06-18,France,Saudi Arabia,4,0,1638.3597572462531,1481.7130999607666,Group stage
1998-06-18,South Africa,Denmark,1,1,1481.2778154401014,1558.6852618761056,Group stage
1998-06-19,Spain,Paraguay,0,0,1558.2059466090623,1458.7623482677116,Group stage
1998-06-19,Nigeria,Bulgaria,1,0,1537.746018920833,1430.9326535296125,Group stage
1998-06-20,Netherlands,Korea Republic,5,0,1593.2245124295896,1339.6002578605928,Group stage
1998-06-20,Belgium,Mexico,2,2,1475.9833763760237,1473.863698668736,Group stage
1998-06-20,Japan,Croatia,0,1,1489.712825899619,1524.0,Group stage
1998-06-21,Germany,FR Yugoslavia,2,2,1628.5765885675814,1513.8327976361988,Group stage
1998-06-21,Argentina,Jamaica,5,0,1640.0552781640845,1476.0,Group stage
1998-06-21,United States,IR Iran,1,2,1388.8980397456487,1438.8159902697594,Group stage
1998-06-22,Colombia,Tunisia,1,0,1436.156613040673,1498.9914489020691,Group stage
1998-06-22,Romania,England,2,1,1527.7074761782792,1661.4901542434238,Group stage
1998-06-23,Scotland,Morocco,0,3,1471.657520890056,1443.8711277874386,Group stage
1998-06-23,Brazil,Norway,1,2,1811.424937568769,1491.1658753804602,Group stage
1998-06-23,Chile,Cameroon,1,1,1465.798961408891,1458.7327424648863,Group stage
1998-06-23,Italy,Austria,2,1,1721.0433073896952,1513.2955258870247,Group stage
1998-06-24,Nigeria,Paraguay,1,3,1548.9764104287276,1463.220805168702,Group stage
1998-06-24,Spain,Bulgaria,6,1,1553.7474897080717,1419.7022620217178,Group stage
1998-06-24,France,Denmark,2,1,1656.8362359157504,1555.1783517975884,Group stage
1998-06-24,South Africa,Saudi Arabia,2,2,1484.7847255186186,1463.2366212912693,Group stage
1998-06-25,Belgium,Korea Republic,1,1,1475.8857628213054,1326.0303744461953,Group stage
1998-06-25,Netherlands,Mexico,2,2,1606.794395843987,1473.9613122234543,Group stage
1998-06-25,Germany,IR Iran,2,0,1623.47653031526,1452.532871968339,Group stage
1998-06-25,United States,FR Yugoslavia,0,1,1375.1811580470692,1518.9328558885202,Group stage
1998-06-26,Colombia,England,0,2,1455.0191231313904,1639.6166895990661,Group stage
1998-06-26,Japan,Jamaica,1,2,1475.286702599787,1455.8387877549985,Group stage
1998-06-26,Argentina,Croatia,1,0,1660.216490409086,1538.426123299832,Group stage
1998-06-26,Romania,Tunisia,1,1,1549.5809408226369,1480.1289388113516,Group stage
1998-06-27,Brazil,Chile,4,1,1783.7971256441913,1465.473594861423,Round of 16
1998-06-27,Italy,Norway,1,0,1728.4739233360142,1518.793687305038,Round of 16
1998-06-28,Nigeria,Denmark,1,4,1519.17005907499,1543.7306944489962,Round of 16
1998-06-28,France,Paraguay,1,0,1668.2838932643426,1493.0271565224398,Round of 16
1998-06-29,Netherlands,FR Yugoslavia,2,1,1600.9588065987011,1528.6664132662017,Round of 16
1998-06-29,Germany,Mexico,2,1,1636.536980763627,1479.7969014687403,Round of 16
1998-06-30,Argentina,England,2,2,1670.8268085713703,1651.9434432510923,Round of 16
1998-06-30,Romania,Croatia,0,1,1546.4244898420664,1527.8158051375476,Round of 16
1998-07-03,Italy,France,0,0,1735.8412634598296,1676.8343966369657,Quarter-finals
1998-07-03,Brazil,Denmark,3,2,1791.522355153417,1569.7546316249088,Quarter-finals
1998-07-04,Germany,Croatia,0,3,1645.7716866347407,1544.6719482260064,Quarter-finals
1998-07-04,Netherlands,Argentina,2,1,1613.6768467344725,1669.958052727449,Quarter-finals
1998-07-07,Brazil,Netherlands,1,1,1798.5025131626383,1632.2462567556681,Semi-finals
1998-07-08,France,Croatia,2,1,1679.52593460015,1580.5971891079168,Semi-finals
1998-07-11,Netherlands,Croatia,1,2,1639.36722844234,1569.0337681588435,Third-place match
1998-07-12,Brazil,France,0,3,1791.3815414759663,1691.0893555492235,Final
2002-05-31,France,Senegal,0,1,1726.954689994709,1500.0,Group stage
2002-06-01,Germany,Saudi Arabia,8,0,1609.8464457528303,1464.2276777778136,Group stage
2002-06-01,Uruguay,Denmark,1,2,1441.4203433434513,1562.7744736156876,Group stage
2002-06-01,Republic of Ireland,Cameroon,1,1,1486.1093132975905,1459.0581090123544,Group stage
2002-06-02,Spain,Slovenia,3,1,1576.5086623279092,1500.0,Group stage
2002-06-02,England,Sweden,1,1,1652.8121990950135,1565.8512491132278,Group stage
2002-06-02,Paraguay,South Africa,2,2,1484.4766531498167,1483.7936690320744,Group stage
2002-06-02,Argentina,Nigeria,1,0,1651.3886427062534,1493.1461218990773,Group stage
2002-06-03,Croatia,Mexico,0,1,1588.2292123804727,1470.5621955976267,Group stage
2002-06-03,Italy,Ecuador,2,0,1733.1497254966453,1500.0,Group stage
2002-06-03,Brazil,Türkiye,2,1,1755.5162070304807,1477.678000416237,Group stage
2002-06-04,Korea Republic,Poland,2,0,1332.533135916609,1580.9743991012992,Group stage
2002-06-04,Japan,Belgium,2,2,1458.3920272475377,1469.3830013508918,Group stage
2002-06-04,China PR,Costa Rica,0,2,1500.0,1495.5407511419912,Group stage
2002-06-05,Germany,Republic of Ireland,1,1,1638.8292000527147,1484.8660705176376,Group stage
2002-06-05,United States,Portugal,3,2,1365.4476006693876,1572.5904156941501,Group stage
2002-06-05,Russia,Tunisia,2,0,1508.082319634571,1483.2853897919222,Group stage
2002-06-06,France,Uruguay,0,0,1701.7732644521832,1430.7922077831067,Group stage
2002-06-06,Cameroon,Saudi Arabia,1,0,1460.3013517923073,1435.2449234779292,Group stage
2002-06-06,Denmark,Senegal,1,1,1573.4026091760322,1525.1814255425259,Group stage
2002-06-07,Argentina,England,0,1,1660.5666328440718,1648.889082987203,Group stage
2002-06-07,Spain,Paraguay,3,1,1595.307433770133,1484.4452006093657,Group stage
2002-06-07,Sweden,Nigeria,2,1,1569.7743652210384,1483.968131761259,Group stage
2002-06-08,South Africa,Slovenia,1,0,1483.8251215725254,1481.2012285577762,Group stage
2002-06-08,Italy,Croatia,1,2,1743.0935023753461,1567.0085387942245,Group stage
2002-06-08,Brazil,China PR,4,0,1760.8944580433215,1475.6919829147232,Group stage
2002-06-09,Mexico,Ecuador,2,1,1491.782869183875,1490.0562231212991,Group stage
2002-06-09,Japan,Russia,1,0,1458.8980115341396,1530.3723109352882,Group stage
2002-06-09,Costa Rica,Türkiye,1,1,1519.848768227268,1472.2997494033962,Group stage
2002-06-10,Korea Republic,United States,1,1,1371.2654675654478,1389.9970981075087,Group stage
2002-06-10,Portugal,Poland,4,0,1548.040918256029,1542.2420674524603,Group stage
2002-06-10,Tunisia,Belgium,1,1,1460.995398491205,1468.87701706429,Group stage
2002-06-11,Denmark,France,2,0,1571.1960915965944,1691.3304514625045,Group stage
2002-06-11,Cameroon,Germany,0,2,1475.1494569487352,1632.1692793270583,Group stage
2002-06-11,Saudi Arabia,Republic of Ireland,0,3,1420.3968183215013,1491.525991243294,Group stage
2002-06-11,Senegal,Uruguay,3,3,1527.3879431219636,1441.2350207727854,Group stage
2002-06-12,Slovenia,Paraguay,1,3,1465.3220609993746,1467.8535515784429,Group stage
2002-06-12,South Africa,Spain,2,3,1499.704289130927,1611.8990828010558,Group stage
2002-06-12,Nigeria,England,0,0,1471.8412276357901,1665.426651620333,Group stage
2002-06-12,Sweden,Argentina,1,1,1581.9012693465072,1644.029064210942,Group stage
2002-06-13,Ecuador,Croatia,1,0,1474.135737456382,1590.48787534132,Group stage
2002-06-13,Mexico,Italy,1,1,1507.703354848792,1719.6141658282506,Group stage
2002-06-13,Türkiye,China PR,3,0,1474.47589328659,1465.3095143019561,Group stage
2002-06-13,Costa Rica,Brazil,2,5,1517.6726243440742,1771.2769266560886,Group stage
2002-06-14,Tunisia,Japan,0,2,1461.3582981908621,1478.1438645763394,Group stage
2002-06-14,Portugal,Korea Republic,0,1,1579.5068739481167,1372.1272562007362,Group stage
2002-06-14,Belgium,Russia,3,2,1468.5141173646327,1511.1264578930884,Group stage
2002-06-14,Poland,United States,3,1,1510.7761117603727,1389.1353094722203,Group stage
2002-06-15,Denmark,England,0,3,1603.1790394303098,1657.332494488823,Round of 16
2002-06-15,Germany,Paraguay,1,0,1646.0054744243405,1491.6786854988043,Round of 16
2002-06-16,Spain,Republic of Ireland,1,1,1622.90472867141,1513.8724230255398,Round of 16
2002-06-16,Sweden,Senegal,1,2,1584.732249744131,1523.4998208081768,Round of 16
2002-06-17,Brazil,Belgium,2,0,1781.8322642055164,1486.4667073104647,Round of 16
2002-06-17,Mexico,United States,0,2,1516.4085813397978,1373.2106716667531,Round of 16
2002-06-18,Japan,Türkiye,0,1,1500.985260029145,1501.737341771261,Round of 16
2002-06-18,Korea Republic,Italy,2,1,1396.6845422922731,1710.9089393372449,Round of 16
2002-06-21,England,Brazil,1,2,1681.0032436500292,1789.2449619719657,Quarter-finals
2002-06-21,Germany,United States,1,0,1655.3317142068922,1406.5779289669485,Quarter-finals
2002-06-22,Senegal,Türkiye,0,1,1542.2908408110081,1517.7027071811956,Quarter-finals
2002-06-22,Spain,Korea Republic,0,0,1618.0421930345733,1424.1795606874582,Quarter-finals
2002-06-25,Germany,Korea Republic,1,0,1661.5011956443236,1432.2832128548896,Semi-finals
2002-06-26,Brazil,Türkiye,1,0,1800.4154943916492,1534.8331459650592,Semi-finals
2002-06-29,Korea Republic,Türkiye,2,3,1425.5342840173628,1529.1317972440233,Third-place match
2002-06-30,Germany,Brazil,0,2,1668.2501244818504,1806.116843112685,Final
2006-06-09,Poland,Ecuador,0,2,1526.70074956584,1495.3022388004124,Group stage
2006-06-09,Germany,Costa Rica,4,2,1653.303360231199,1507.1172867946464,Group stage
2006-06-10,Argentina,Côte d'Ivoire,2,1,1641.1980838133181,1500.0,Group stage
2006-06-10,Trinidad and Tobago,Sweden,0,0,1500.0,1565.9412297412996,Group stage
2006-06-10,England,Paraguay,1,0,1669.8327112303457,1482.3524457162525,Group stage
2006-06-11,Serbia and Montenegro,Netherlands,0,1,1500.0,1620.1717842207108,Group stage
2006-06-11,Angola,Portugal,0,1,1500.0,1554.9495878565797,Group stage
2006-06-11,Mexico,IR Iran,3,1,1483.0413240396024,1439.472421519972,Group stage
2006-06-12,United States,Czech Republic,0,3,1400.4084475295172,1500.0,Group stage
2006-06-12,Australia,Japan,3,1,1462.7685292024719,1485.0198946192104,Group stage
2006-06-12,Italy,Ghana,2,0,1683.4139209420598,1500.0,Group stage
2006-06-13,Brazil,Croatia,1,0,1821.0636073633366,1569.3213739972896,Group stage
2006-06-13,France,Switzerland,0,0,1659.3475036287891,1386.8974532531188,Group stage
2006-06-13,Korea Republic,Togo,2,1,1414.1685879192532,1500.0,Group stage
2006-06-14,Germany,Poland,1,0,1667.7617219923588,1500.5377027059694,Group stage
2006-06-14,Tunisia,Saudi Arabia,2,2,1438.5169027380566,1398.0503865392554,Group stage
2006-06-14,Spain,Ukraine,4,0,1609.938540867142,1500.0,Group stage
2006-06-15,Sweden,Paraguay,1,0,1562.940468603672,1474.2355479791927,Group stage
2006-06-15,England,Trinidad and Tobago,2,0,1677.9496089674055,1503.0007611376277,Group stage
2006-06-15,Ecuador,Costa Rica,3,0,1521.465285660283,1492.6589250334864,Group stage
2006-06-16,Argentina,Serbia and Montenegro,6,0,1651.0314864684003,1489.3234979432407,Group stage
2006-06-16,Netherlands,Côte d'Ivoire,2,1,1630.8482862774702,1490.1665973449178,Group stage
2006-06-16,Mexico,Angola,0,0,1504.0473682712175,1486.509631677988,Group stage
2006-06-17,Portugal,IR Iran,2,0,1568.4399561785917,1418.4663772883569,Group stage
2006-06-17,Italy,United States,1,1,1695.803198488215,1380.2217436460617,Group stage
2006-06-17,Czech Republic,Ghana,0,2,1520.1867038834555,1487.6107224538448,Group stage
2006-06-18,Japan,Croatia,0,0,1459.4849228449855,1563.2371109766,Group stage
2006-06-18,France,Korea Republic,1,1,1648.8659658627182,1434.0427753485037,Group stage
2006-06-18,Brazil,Australia,2,0,1827.1478703840262,1488.3035009766968,Group stage
2006-06-19,Spain,Tunisia,3,1,1632.1377714972189,1436.6617321337435,Group stage
2006-06-19,Saudi Arabia,Ukraine,0,4,1399.9055571435686,1477.800769369923,Group stage
2006-06-19,Togo,Switzerland,0,2,1480.1258125707495,1397.3789910191897,Group stage
2006-06-20,Sweden,England,2,2,1574.9419615458373,1690.7920286437102,Group stage
2006-06-20,Paraguay,Trinidad and Tobago,2,0,1462.2340550370272,1490.158341461323,Group stage
2006-06-20,Ecuador,Germany,0,3,1547.149072294806,1676.605055335654,Group stage
2006-06-20,Costa Rica,Poland,1,2,1466.9751383989633,1491.6943693626743,Group stage
2006-06-21,Portugal,Mexico,2,1,1582.6789991793332,1503.2404109122442,Group stage
2006-06-21,Netherlands,Argentina,0,0,1640.7019489136167,1673.6514107075711,Group stage
2006-06-21,Côte d'Ivoire,Serbia and Montenegro,3,2,1480.3129347087713,1466.7035737040699,Group stage
2006-06-21,IR Iran,Angola,1,1,1404.2273342876153,1487.3165890369612,Group stage
2006-06-22,Croatia,Australia,2,2,1558.5962824518558,1482.327791601209,Group stage
2006-06-22,Japan,Brazil,1,4,1464.1257513697296,1833.123579759514,Group stage
2006-06-22,Czech Republic,Italy,0,2,1493.9430058627347,1684.2780269976695,Group stage
2006-06-22,Ghana,United States,2,1,1513.8544204745656,1391.7469151366072,Group stage
2006-06-23,Switzerland,Korea Republic,2,0,1426.989262045804,1442.8419888902317,Group stage
2006-06-23,Togo,France,0,2,1450.5155415441352,1640.0667523209902,Group stage
2006-06-23,Ukraine,Tunisia,1,0,1502.7441957301253,1424.8998763388777,Group stage
2006-06-23,Saudi Arabia,Spain,0,1,1374.9621307833663,1643.8996272920847,Group stage
2006-06-24,Germany,Sweden,2,0,1694.629564252902,1580.0877428359495,Round of 16
2006-06-24,Argentina,Mexico,2,1,1672.1385646614956,1490.836249957353,Round of 16
2006-06-25,Portugal,Netherlands,1,0,1595.0831601342245,1642.2147949596922,Round of 16
2006-06-25,England,Ecuador,1,0,1685.646247353598,1529.1245633775582,Round of 16
2006-06-26,Switzerland,Ukraine,0,0,1452.0835703140717,1515.2181387140163,Round of 16
2006-06-26,Italy,Australia,1,0,1696.3046491463044,1485.7847348887008,Round of 16
2006-06-27,Spain,France,1,3,1649.5110420068877,1652.1340879919262,Round of 16
2006-06-27,Brazil,Ghana,3,0,1839.1029394066513,1524.451795086729,Round of 16
2006-06-30,Italy,Ukraine,3,0,1703.6446130260333,1512.3422693031157,Quarter-finals
2006-06-30,Germany,Argentina,1,1,1710.9920132230855,1680.4727857366463,Quarter-finals
2006-07-01,Brazil,France,0,1,1846.9700315789214,1675.9528978369322,Quarter-finals
2006-07-01,England,Portugal,0,0,1694.8892147600752,1613.2404352631843,Quarter-finals
2006-07-04,Germany,Italy,0,2,1709.5901546367172,1717.617199448376,Semi-finals
2006-07-05,Portugal,France,0,1,1616.9327772434249,1699.2486112658653,Semi-finals
2006-07-08,Germany,Portugal,3,1,1686.1445446110813,1604.6541893508256,Third-place match
2006-07-09,Italy,France,1,1,1741.0628094740118,1711.5271991584646,Final
2010-06-11,South Africa,Mexico,1,1,1488.6986432605727,1482.5020288822022,Group stage
2010-06-11,Uruguay,France,0,0,1445.1231430865723,1712.8840971963286,Group stage
2010-06-12,England,United States,1,1,1691.1968727798346,1381.1495405244439,Group stage
2010-06-12,Argentina,Nigeria,1,0,1681.8746443230145,1479.9353847673,Group stage
2010-06-12,Korea Republic,Greece,2,0,1417.747680621964,1419.4280099404375,Group stage
2010-06-13,Germany,Australia,4,0,1704.6163934850385,1478.4447710089719,Group stage
2010-06-13,Serbia,Ghana,0,1,1500.0,1516.5847029144588,Group stage
2010-06-13,Algeria,Slovenia,0,1,1478.7615086133287,1441.4969270790132,Group stage
2010-06-14,Italy,Paraguay,1,1,1739.7059114361477,1488.1588536191628,Group stage
2010-06-14,Japan,Cameroon,1,0,1458.1463917225924,1461.313261851453,Group stage
2010-06-14,Netherlands,Denmark,2,0,1624.0575198307324,1579.5082902691036,Group stage
2010-06-15,Brazil,Korea DPR,2,1,1823.6743181499883,1479.7311971662427,Group stage
2010-06-15,Côte d'Ivoire,Portugal,0,0,1495.6865208216907,1586.1823404768684,Group stage
2010-06-15,New Zealand,Slovakia,1,1,1440.6955691462456,1500.0,Group stage
2010-06-16,Honduras,Chile,0,1,1483.2199562231194,1457.7483653521972,Group stage
2010-06-16,South Africa,Uruguay,0,3,1488.413308876762,1455.4803192310587,Group stage
2010-06-16,Spain,Switzerland,0,1,1625.6922321618817,1454.9594397249723,Group stage
2010-06-17,Greece,Nigeria,2,1,1395.3119378082315,1472.3123020167816,Group stage
2010-06-17,France,Mexico,0,2,1702.5269210518422,1482.787363266013,Group stage
2010-06-17,Argentina,Korea Republic,4,1,1689.497727073533,1441.86375275417,Group stage
2010-06-18,England,Algeria,0,0,1679.7957337967646,1461.051961660191,Group stage
2010-06-18,Slovenia,United States,2,2,1459.206474032151,1392.550679507514,Group stage
2010-06-18,Germany,Serbia,0,1,1718.3019786090294,1484.7631742275516,Group stage
2010-06-19,Cameroon,Denmark,1,2,1445.167426131248,1558.5688871528994,Group stage
2010-06-19,Ghana,Australia,1,1,1531.8215286869072,1464.759185884981,Group stage
2010-06-19,Netherlands,Japan,1,0,1644.9969229469366,1474.2922274427974,Group stage
2010-06-20,Brazil,Côte d'Ivoire,3,1,1827.5568765686694,1499.762250892388,Group stage
2010-06-20,Italy,New Zealand,1,1,1729.795712468287,1443.400420736481,Group stage
2010-06-20,Slovakia,Paraguay,0,2,1497.2951484097648,1498.0690525870234,Group stage
2010-06-21,Portugal,Korea DPR,7,0,1582.106610406171,1475.8486387475616,Group stage
2010-06-21,Spain,Honduras,2,0,1602.4068944201142,1466.0490431769113,Group stage
2010-06-21,Chile,Switzerland,1,0,1474.9192783984054,1478.2447774667398,Group stage
2010-06-22,Nigeria,Korea Republic,2,2,1452.8232427329956,1431.0108704492307,Group stage
2010-06-22,France,South Africa,1,2,1665.0930488438164,1457.7671439321696,Group stage
2010-06-22,Mexico,Uruguay,0,1,1520.2212354740388,1486.126484175651,Group stage
2010-06-22,Greece,Argentina,0,2,1414.8009970920175,1700.3506093784724,Group stage
2010-06-23,Australia,Serbia,2,1,1467.8097298775663,1510.1457535868278,Group stage
2010-06-23,Ghana,Germany,0,1,1528.770984694322,1692.9193992497533,Group stage
2010-06-23,United States,Algeria,1,0,1395.5831778117429,1469.976336168654,Group stage
2010-06-23,Slovenia,England,0,1,1456.173975727922,1670.8713592883016,Group stage
2010-06-24,Paraguay,New Zealand,0,0,1522.0155932687799,1454.2389797604992,Group stage
2010-06-24,Cameroon,Netherlands,1,2,1434.211880410509,1653.7126108895084,Group stage
2010-06-24,Denmark,Japan,1,3,1569.5244328736385,1465.5765395002256,Group stage
2010-06-24,Slovakia,Italy,3,2,1473.3486077280083,1718.957153444269,Group stage
2010-06-25,Portugal,Brazil,0,0,1613.0543034673244,1833.8733906282757,Group stage
2010-06-25,Korea DPR,Côte d'Ivoire,0,3,1444.9009456864082,1493.4457368327817,Group stage
2010-06-25,Switzerland,Honduras,0,0,1462.0916372517115,1451.0127350250712,Group stage
2010-06-25,Chile,Spain,1,2,1491.0724186134337,1617.4432025719543,Group stage
2010-06-26,United States,Ghana,1,2,1414.9576950379512,1519.8139043595163,Round of 16
2010-06-26,Uruguay,Korea Republic,2,1,1503.6915847450744,1432.0140496635252,Round of 16
2010-06-27,Argentina,Mexico,3,1,1708.1244335999281,1502.6561349046156,Round of 16
2010-06-27,Germany,England,4,1,1701.8764795845589,1678.0761879175586,Round of 16
2010-06-28,Brazil,Chile,3,0,1824.8833971862305,1480.6482637235863,Round of 16
2010-06-28,Netherlands,Slovakia,2,1,1660.7642514389154,1499.0884587957141,Round of 16
2010-06-29,Spain,Portugal,1,0,1627.8673574618017,1622.0442969093697,Round of 16
2010-06-29,Paraguay,Japan,0,0,1518.9333640611874,1496.5501617621876,Round of 16
2010-07-02,Uruguay,Ghana,1,1,1516.4367585994507,1531.1265541585428,Quarter-finals
2010-07-02,Netherlands,Brazil,2,1,1669.8134239411133,1831.6678453059344,Quarter-finals
2010-07-03,Paraguay,Spain,0,1,1517.904003214084,1643.5992207195275,Quarter-finals
2010-07-03,Argentina,Germany,0,4,1719.3830447985263,1727.9613973481507,Quarter-finals
2010-07-06,Uruguay,Netherlands,2,3,1517.1128458634091,1692.7709236103467,Semi-finals
2010-07-07,Germany,Spain,0,1,1759.1714623935397,1654.050726804233,Semi-finals
2010-07-10,Uruguay,Germany,2,3,1508.5768105658242,1738.4729783060475,Third-place match
2010-07-11,Netherlands,Spain,0,1,1701.3069589079316,1674.7492108917252,Final
2014-06-12,Brazil,Croatia,3,1,1808.710345636701,1555.139339164364,Group stage
2014-06-13,Chile,Australia,3,1,1473.8638156038824,1485.7497832608233,Group stage
2014-06-13,Spain,Netherlands,1,5,1691.96986389673,1684.0863059029268,Group stage
2014-06-13,Mexico,Cameroon,1,0,1491.3975237060174,1427.160239861102,Group stage
2014-06-14,Côte d'Ivoire,Japan,2,1,1517.5587506725449,1497.579522609291,Group stage
2014-06-14,England,Italy,1,2,1651.9912701539668,1693.217302376563,Group stage
2014-06-14,Uruguay,Costa Rica,1,3,1501.8486489355062,1452.1115841411768,Group stage
2014-06-14,Colombia,Greece,3,0,1442.6923694793643,1407.0271728705618,Group stage
2014-06-15,Argentina,Bosnia and Herzegovina,2,1,1688.1729797531373,1500.0,Group stage
2014-06-15,France,Honduras,3,0,1640.5375289178019,1451.522764469373,Group stage
2014-06-15,Switzerland,Ecuador,2,1,1461.5816078074097,1519.881595971081,Group stage
2014-06-16,Germany,Portugal,4,0,1745.2011399363655,1606.312433651644,Group stage
2014-06-16,IR Iran,Nigeria,0,0,1407.982419443667,1451.820063518701,Group stage
2014-06-16,Ghana,United States,1,2,1530.4504668945845,1403.6450452389247,Group stage
2014-06-17,Russia,Korea Republic,1,1,1493.1738679472564,1419.2688758091488,Group stage
2014-06-17,Brazil,Mexico,0,0,1817.759185138459,1504.4725411731442,Group stage
2014-06-17,Belgium,Algeria,2,1,1479.0540095440153,1450.6018189424456,Group stage
2014-06-18,Cameroon,Croatia,0,4,1414.085222393975,1546.090499662606,Group stage
2014-06-18,Spain,Chile,0,2,1659.2438859620818,1498.684549001876,Group stage
2014-06-18,Australia,Netherlands,2,3,1460.9290498628297,1716.812283837575,Group stage
2014-06-19,Japan,Greece,0,0,1482.4985872303557,1381.8913945333936,Group stage
2014-06-19,Uruguay,England,2,1,1474.436213111242,1637.8809387345727,Group stage
2014-06-19,Colombia,Côte d'Ivoire,2,1,1467.8281478165325,1532.63968605148,Group stage
2014-06-20,Honduras,Ecuador,1,2,1437.411635904453,1501.2217005642774,Group stage
2014-06-20,Switzerland,France,2,5,1480.2415032142133,1654.6486574827218,Group stage
2014-06-20,Italy,Costa Rica,0,1,1707.3276337959571,1479.5240199654409,Group stage
2014-06-21,Argentina,IR Iran,1,0,1696.26574435972,1409.9905721873079,Group stage
2014-06-21,Germany,Ghana,2,2,1765.0495139945933,1508.8570444804857,Group stage
2014-06-21,Nigeria,Bosnia and Herzegovina,1,0,1449.8119107750601,1491.907235393417,Group stage
2014-06-22,United States,Portugal,2,2,1425.2384676530235,1586.464059593416,Group stage
2014-06-22,Korea Republic,Algeria,2,4,1422.6219057893718,1435.909169552974,Group stage
2014-06-22,Belgium,Russia,1,0,1493.746658933487,1489.8208379670334,Group stage
2014-06-23,Cameroon,Brazil,1,4,1393.6902419754779,1806.2851022348673,Group stage
2014-06-23,Croatia,Mexico,1,3,1566.485480081103,1515.946624076736,Group stage
2014-06-23,Netherlands,Chile,2,0,1722.7799555871925,1533.0481359486027,Group stage
2014-06-23,Australia,Spain,0,3,1454.9613781132123,1624.880299015355,Group stage
2014-06-24,Greece,Côte d'Ivoire,2,1,1386.3992298718863,1513.6891496764897,Group stage
2014-06-24,Japan,Colombia,1,4,1477.990751891863,1486.7786841915229,Group stage
2014-06-24,Italy,Uruguay,0,1,1682.120024073442,1497.452982445926,Group stage
2014-06-24,Costa Rica,England,0,0,1504.731629687956,1614.8641693998889,Group stage
2014-06-25,Nigeria,Argentina,2,3,1467.7410416097164,1701.4301793323984,Group stage
2014-06-25,Bosnia and Herzegovina,IR Iran,3,1,1473.9781045587608,1404.8261372146294,Group stage
2014-06-25,Ecuador,France,0,0,1514.3157389571033,1669.6657252918553,Group stage
2014-06-25,Honduras,Switzerland,0,3,1424.3175975116271,1465.2244354050797,Group stage
2014-06-26,Algeria,Russia,1,1,1458.9917651074097,1474.0016210098609,Group stage
2014-06-26,Korea Republic,Belgium,0,1,1399.539310234936,1509.5658758906595,Group stage
2014-06-26,Portugal,Ghana,2,1,1579.5300612929627,1518.8980098843979,Group stage
2014-06-26,United States,Germany,0,1,1432.1724659534768,1755.0085485906811,Group stage
2014-06-28,Colombia,Uruguay,2,0,1514.070611519726,1521.2375889939497,Round of 16
2014-06-28,Brazil,Chile,1,1,1811.0502697246625,1520.9901897688321,Round of 16
2014-06-29,Costa Rica,Greece,1,1,1509.640108923853,1408.0122278957765,Round of 16
2014-06-29,Netherlands,Mexico,2,1,1734.8379017669631,1543.4133080712331,Round of 16
2014-06-30,Germany,Algeria,2,1,1759.3250403781378,1459.6825648006122,Round of 16
2014-06-30,France,Nigeria,2,0,1662.9530909277623,1461.1281622179777,Round of 16
2014-07-01,Belgium,United States,2,1,1520.6618180510861,1427.8559741660201,Round of 16
2014-07-01,Argentina,Switzerland,1,0,1708.0430587241372,1489.9428833433599,Round of 16
2014-07-04,Brazil,Colombia,2,1,1800.1210379899455,1538.5656185741698,Quarter-finals
2014-07-04,France,Germany,0,1,1674.3934488810817,1764.164834319701,Quarter-finals
2014-07-05,Netherlands,Costa Rica,0,0,1742.8180207616494,1505.0890361455592,Quarter-finals
2014-07-05,Argentina,Belgium,1,0,1715.1391230974991,1532.4867800149284,Quarter-finals
2014-07-08,Brazil,Germany,1,7,1805.9318134161176,1776.1203174222894,Semi-finals
2014-07-09,Netherlands,Argentina,0,0,1733.3097280640745,1723.4255335401297,Semi-finals
2014-07-12,Brazil,Netherlands,0,3,1762.5080363774873,1732.8546668453632,Third-place match
2014-07-13,Germany,Argentina,1,0,1819.5440944609197,1723.880594758841,Final
2018-06-14,Russia,Saudi Arabia,5,0,1473.3108213166583,1369.3507160685633,Group stage
2018-06-15,Portugal,Spain,3,3,1592.765856443362,1640.1830049322734,Group stage
2018-06-15,Morocco,IR Iran,0,1,1474.1056843720762,1385.5408912512344,Group stage
2018-06-15,Egypt,Uruguay,0,1,1473.389920058765,1496.742581939506,Group stage
2018-06-16,Croatia,Nigeria,2,0,1539.018796086606,1449.6878042646583,Group stage
2018-06-16,Peru,Denmark,0,1,1456.0713237273433,1538.5508106116765,Group stage
2018-06-16,Argentina,Iceland,1,1,1712.1780067186305,1500.0,Group stage
2018-06-16,France,Australia,2,1,1662.4379657784932,1439.6586721962938,Group stage
2018-06-17,Costa Rica,Serbia,0,1,1514.5973288431342,1492.2057002035708,Group stage
2018-06-17,Brazil,Switzerland,1,1,1732.1240430656073,1482.846818969998,Group stage
2018-06-17,Germany,Mexico,0,1,1831.2466825011302,1535.4331890765468,Group stage
2018-06-18,Sweden,Korea Republic,1,0,1563.725293865766,1388.4433680745094,Group stage
2018-06-18,Tunisia,England,1,2,1412.4259333549867,1609.955690163992,Group stage
2018-06-18,Belgium,Panama,3,0,1524.2003695722979,1500.0,Group stage
2018-06-19,Colombia,Japan,1,2,1532.7548431479977,1450.6988245636599,Group stage
2018-06-19,Russia,Egypt,3,1,1498.849229418791,1458.463733287509,Group stage
2018-06-19,Poland,Senegal,1,2,1506.5579236204608,1525.1604020271445,Group stage
2018-06-20,IR Iran,Spain,0,1,1405.5333476078797,1638.0128218715063,Group stage
2018-06-20,Uruguay,Saudi Arabia,1,0,1511.668768710762,1343.8123079664306,Group stage
2018-06-20,Portugal,Morocco,1,0,1594.9360395041292,1454.1132280154309,Group stage
2018-06-21,Argentina,Croatia,0,3,1703.464121498907,1556.9805072777792,Group stage
2018-06-21,France,Peru,1,0,1669.3863961286183,1443.7998638422127,Group stage
2018-06-21,Denmark,Australia,1,1,1550.822270496807,1432.7102418461686,Group stage
2018-06-22,Serbia,Switzerland,1,2,1509.235447491267,1492.6923292474992,Group stage
2018-06-22,Nigeria,Iceland,2,0,1431.7260930734851,1508.7138852197236,Group stage
2018-06-22,Brazil,Costa Rica,2,0,1722.278532788106,1497.567581555438,Group stage
2018-06-23,Belgium,Tunisia,5,2,1550.253198237427,1404.6544701505777,Group stage
2018-06-23,Korea Republic,Mexico,1,2,1379.8937732083953,1562.5021556914041,Group stage
2018-06-23,Germany,Sweden,2,1,1804.1777158862728,1572.27488873188,Group stage
2018-06-24,Japan,Senegal,2,2,1470.408917032316,1540.304543931201,Group stage
2018-06-24,England,Panama,6,1,1617.7271533684009,1473.947171334871,Group stage
2018-06-24,Poland,Colombia,0,3,1491.4137817164044,1513.0447506793416,Group stage
2018-06-25,IR Iran,Portugal,1,1,1398.8838615138395,1604.7841631070462,Group stage
2018-06-25,Spain,Morocco,2,2,1644.6623079655465,1444.265104412514,Group stage
2018-06-25,Uruguay,Russia,3,0,1520.4888230633323,1520.0719950880346,Group stage
2018-06-25,Saudi Arabia,Egypt,2,1,1334.9922536138602,1437.2409676182656,Group stage
2018-06-26,Nigeria,Argentina,1,2,1460.9588548425008,1664.3120282684845,Group stage
2018-06-26,Iceland,Croatia,1,2,1479.4811234507079,1596.1326005082017,Group stage
2018-06-26,Denmark,France,0,0,1545.5832928941595,1676.2473247408122,Group stage
2018-06-26,Australia,Peru,0,2,1437.9492194488162,1436.9389352300188,Group stage
2018-06-27,Korea Republic,Germany,2,0,1371.6058087352012,1810.8447049499453,Group stage
2018-06-27,Switzerland,Costa Rica,2,2,1509.4535927762831,1487.2353801823035,Group stage
2018-06-27,Serbia,Brazil,0,2,1492.474183962483,1732.6107341612405,Group stage
2018-06-27,Mexico,Sweden,0,3,1570.7901201645982,1565.6078996682077,Group stage
2018-06-28,Panama,Tunisia,1,2,1452.04914831412,1387.7465019284298,Group stage
2018-06-28,England,Belgium,0,1,1639.6251763891519,1567.1611664595748,Group stage
2018-06-28,Senegal,Colombia,0,1,1537.1284633211317,1539.3037494394619,Group stage
2018-06-28,Japan,Poland,0,1,1473.5849976423851,1465.1547829562842,Group stage
2018-06-30,Uruguay,Portugal,2,1,1548.45523071357,1596.275626035608,Round of 16
2018-06-30,France,Argentina,4,3,1670.498532975344,1671.8879469406788,Round of 16
2018-07-01,Croatia,Denmark,1,1,1606.953754872594,1551.3320846596278,Round of 16
2018-07-01,Spain,Russia,1,1,1636.3370588518085,1492.1055874377969,Round of 16
2018-07-02,Belgium,Japan,3,2,1586.4506962620196,1457.1968480800138,Round of 16
2018-07-02,Brazil,Mexico,2,0,1742.2411619953841,1542.3725135050668,Round of 16
2018-07-03,Colombia,England,1,1,1555.2035751206158,1620.335646586707,Round of 16
2018-07-03,Sweden,Switzerland,1,0,1594.025506327739,1508.431798768144,Round of 16
2018-07-06,Brazil,Belgium,1,2,1753.7799355736304,1596.7585444660747,Quarter-finals
2018-07-06,Uruguay,France,0,2,1566.6436394593559,1686.5625175119462,Quarter-finals
2018-07-07,Russia,Croatia,2,2,1498.390725228413,1604.4139433149192,Quarter-finals
2018-07-07,Sweden,England,0,2,1606.1616254950832,1617.3708535138765,Quarter-finals
2018-07-10,France,Belgium,1,0,1702.5928105234111,1619.5344736873728,Semi-finals
2018-07-11,Croatia,England,2,1,1599.6775113381705,1640.5968160164186,Semi-finals
2018-07-14,Belgium,England,2,0,1607.288213417974,1622.7210771811906,Third-place match
2018-07-15,France,Croatia,4,2,1714.83907079281,1617.5532501733985,Final
2022-11-20,Qatar,Ecuador,0,2,1500.0,1521.0283733211963,Group stage
2022-11-21,United States,Wales,1,1,1416.0310122021779,1514.1974789995827,Group stage
2022-11-21,Senegal,Netherlands,0,2,1521.2286376399777,1763.2386601572432,Group stage
2022-11-21,England,IR Iran,6,2,1597.6557133100578,1407.3923985852778,Group stage
2022-11-22,Argentina,Saudi Arabia,1,2,1655.8239624040766,1355.5695902575076,Group stage
2022-11-22,Mexico,Poland,0,0,1530.8337399268205,1481.5429325186556,Group stage
2022-11-22,France,Australia,4,1,1732.2891022919353,1413.8794316840558,Group stage
2022-11-22,Denmark,Tunisia,0,0,1553.8718962173025,1406.6743938213376,Group stage
2022-11-23,Belgium,Canada,1,0,1632.3535772891069,1450.8464635502655,Group stage
2022-11-23,Spain,Costa Rica,7,0,1630.0519210611924,1488.2571741904426,Group stage
2022-11-23,Germany,Japan,1,2,1766.3912711674363,1446.8889998759587,Group stage
2022-11-23,Morocco,Croatia,0,0,1452.5903535262519,1600.1032186742732,Group stage
2022-11-24,Brazil,Serbia,2,0,1731.0040063523322,1482.8437561283395,Group stage
2022-11-24,Portugal,Ghana,3,2,1578.087217289822,1505.6622147339986,Group stage
2022-11-24,Uruguay,Korea Republic,0,0,1550.613346447891,1416.0592425177101,Group stage
2022-11-24,Switzerland,Cameroon,1,0,1496.2956796008,1388.9250744856827,Group stage
2022-11-25,England,United States,0,0,1613.6961706401726,1420.43516642885,Group stage
2022-11-25,Netherlands,Ecuador,1,1,1772.7863337606207,1543.5775558740418,Group stage
2022-11-25,Qatar,Senegal,1,3,1477.4508174471546,1511.6809640366002,Group stage
2022-11-25,Wales,IR Iran,0,2,1509.7933247729106,1391.351941255163,Group stage
2022-11-26,Tunisia,Australia,0,1,1413.0746564131641,1406.1575037812127,Group stage
2022-11-26,Argentina,Mexico,2,0,1628.649304941681,1528.578921821587,Group stage
2022-11-26,France,Denmark,2,1,1740.0110301947784,1547.471633625476,Group stage
2022-11-26,Poland,Saudi Arabia,2,0,1483.797750623889,1382.7442477199031,Group stage
2022-11-27,Spain,Germany,1,1,1657.0294825582591,1738.7799300274608,Group stage
2022-11-27,Croatia,Canada,4,1,1593.6907613914414,1442.5195068250919,Group stage
2022-11-27,Belgium,Morocco,0,2,1640.6805340142805,1459.0028108090837,Group stage
2022-11-27,Japan,Costa Rica,0,1,1474.5003410159343,1461.2796126933758,Group stage
2022-11-28,Portugal,Uruguay,2,0,1590.7994079518612,1544.7091686911947,Group stage
2022-11-28,Brazil,Switzerland,1,0,1740.2837779121073,1507.5027008763668,Group stage
2022-11-28,Korea Republic,Ghana,2,3,1421.9634202744064,1492.9500240719594,Group stage
2022-11-28,Cameroon,Serbia,3,3,1377.7180532101158,1473.5639845685644,Group stage
2022-11-29,Netherlands,Qatar,2,0,1763.535544791147,1455.8077312309147,Group stage
2022-11-29,Ecuador,Senegal,1,2,1552.8283448435154,1533.3240502528402,Group stage
2022-11-29,Wales,England,0,3,1477.914552887379,1605.6131353840046,Group stage
2022-11-29,IR Iran,United States,0,1,1423.2307131406947,1428.5182016850179,Group stage
2022-11-30,Poland,Argentina,0,2,1501.0076250857808,1645.921704838242,Group stage
2022-11-30,Saudi Arabia,Mexico,1,2,1365.5343732580113,1511.3065219250261,Group stage
2022-11-30,Tunisia,France,1,0,1396.7561518437294,1747.952770988983,Group stage
2022-11-30,Australia,Denmark,1,0,1422.4760083506474,1539.5298928312714,Group stage
2022-12-01,Japan,Spain,2,1,1457.8917976677672,1660.7262568811984,Group stage
2022-12-01,Costa Rica,Germany,2,4,1477.888156041543,1735.0831557045215,Group stage
2022-12-01,Croatia,Belgium,0,0,1610.2225356699507,1605.1618963674487,Group stage
2022-12-01,Canada,Morocco,1,2,1425.9877325465825,1494.5214484559156,Group stage
2022-12-02,Serbia,Switzerland,2,3,1469.2587784864168,1500.8623558204715,Group stage
2022-12-02,Cameroon,Brazil,1,0,1382.0232592922634,1746.9241229680026,Group stage
2022-12-02,Ghana,Uruguay,0,2,1505.725712063697,1523.8744237309973,Group stage
2022-12-02,Korea Republic,Portugal,2,1,1409.1877322826688,1611.6341529120587,Group stage
2022-12-03,Netherlands,United States,3,1,1770.5130824771645,1444.2747226357872,Round of 16
2022-12-03,Argentina,Australia,2,1,1660.4541521341805,1443.6714378073211,Round of 16
2022-12-04,England,Senegal,3,0,1623.7615196508448,1550.2213138466293,Round of 16
2022-12-04,France,Poland,3,1,1719.6951216868056,1486.4751777898423,Round of 16
2022-12-05,Brazil,Korea Republic,4,1,1718.4135476014253,1433.5815901387616,Round of 16
2022-12-05,Japan,Croatia,1,1,1482.298599597835,1609.9895010974926,Round of 16
2022-12-06,Portugal,Switzerland,6,1,1587.2402950559658,1515.4109581250552,Round of 16
2022-12-06,Morocco,Spain,0,0,1507.4056614031124,1636.3194549511306,Round of 16
2022-12-09,Netherlands,Argentina,2,2,1776.878899445508,1667.5921870295751,Quarter-finals
2022-12-09,Croatia,Brazil,1,1,1604.3603163295138,1727.5144523850315,Quarter-finals
2022-12-10,England,France,1,2,1645.921830573988,1729.6357122334157,Quarter-finals
2022-12-10,Morocco,Portugal,1,0,1513.0841303613624,1615.9018593288547,Quarter-finals
2022-12-13,Argentina,Croatia,3,0,1672.465354081868,1609.8056017990316,Semi-finals
2022-12-14,France,Morocco,2,0,1741.8534578422853,1533.685515180007,Semi-finals
2022-12-17,Croatia,Morocco,2,1,1586.8013347885721,1522.5602760237573,Third-place match
2022-12-18,Argentina,France,3,3,1695.4696210923275,1752.978696998535,Final
2026-06-11,Mexico,South Africa,2,0,1896,1500,Group stage
2026-06-11,South Korea,Czechia,2,1,1771,1731,Group stage
2026-06-12,Canada,Bosnia-Herzegovina,1,1,1777,1580,Group stage
2026-06-12,USA,Paraguay,4,1,1820,1816,Group stage
2026-06-13,Qatar,Switzerland,1,1,1550,1885,Group stage
2026-06-13,Brazil,Morocco,1,1,1986,1866,Group stage
2026-06-13,Haiti,Scotland,0,3,1550,1768,Group stage
2026-06-13,Australia,Turkiye,2,0,1799,1813,Group stage
2026-06-14,Germany,Curacao,7,1,1954,1500,Group stage
2026-06-14,Netherlands,Japan,2,2,1972,1925,Group stage
2026-06-14,Cote d'Ivoire,Ecuador,1,0,1650,1864,Group stage
2026-06-14,Sweden,Tunisia,5,1,1660,1630,Group stage
2026-06-15,Spain,Cabo Verde,0,0,2134,1500,Group stage
2026-06-15,Belgium,Egypt,1,1,1869,1740,Group stage
2026-06-15,Saudi Arabia,Uruguay,1,1,1635,1851,Group stage
2026-06-15,IR Iran,New Zealand,2,2,1766,1500,Group stage
2026-06-16,France,Senegal,3,1,2090,1817,Group stage
2026-06-16,Iraq,Norway,1,4,1600,1951,Group stage
2026-06-16,Argentina,Algeria,3,0,2144,1780,Group stage
2026-06-16,Austria,Jordan,3,1,1841,1689,Group stage
2026-06-17,Portugal,Congo DR,1,1,1988,1550,Group stage
2026-06-17,England,Croatia,4,2,2028,1896,Group stage
2026-06-17,Ghana,Panama,1,0,1620,1733,Group stage
2026-06-17,Uzbekistan,Colombia,1,3,1728,1998,Group stage
2026-06-18,Czechia,South Africa,1,1,1731,1500,Group stage
2026-06-18,Switzerland,Bosnia-Herzegovina,4,1,1885,1580,Group stage
2026-06-18,Canada,Qatar,6,0,1777,1550,Group stage
2026-06-18,Mexico,South Korea,1,0,1896,1771,Group stage
2026-06-19,USA,Australia,2,0,1820,1799,Group stage
2026-06-19,Scotland,Morocco,0,1,1768,1866,Group stage
2026-06-19,Brazil,Haiti,3,0,1986,1550,Group stage
2026-06-19,Turkiye,Paraguay,0,1,1813,1816,Group stage
2026-06-20,Netherlands,Sweden,5,1,1972,1660,Group stage
2026-06-20,Germany,Cote d'Ivoire,2,1,1954,1650,Group stage
2026-06-20,Ecuador,Curacao,0,0,1864,1500,Group stage
2026-06-20,Tunisia,Japan,0,4,1630,1925,Group stage
2026-06-21,Spain,Saudi Arabia,4,0,2134,1635,Group stage
2026-06-21,Belgium,IR Iran,0,0,1869,1766,Group stage
2026-06-21,Uruguay,Cabo Verde,2,2,1851,1500,Group stage
2026-06-21,New Zealand,Egypt,1,3,1500,1740,Group stage
2026-06-22,Argentina,Austria,2,0,2144,1841,Group stage
2026-06-22,France,Iraq,3,0,2090,1600,Group stage
2026-06-22,Norway,Senegal,3,2,1951,1817,Group stage
2026-06-22,Jordan,Algeria,1,2,1689,1780,Group stage
2026-06-23,Portugal,Uzbekistan,5,0,1988,1728,Group stage
2026-06-23,England,Ghana,0,0,2028,1620,Group stage
2026-06-23,Panama,Croatia,0,1,1733,1896,Group stage
2026-06-23,Colombia,Congo DR,1,0,1998,1550,Group stage
2026-06-24,Switzerland,Canada,2,1,1885,1777,Group stage
2026-06-24,Bosnia-Herzegovina,Qatar,3,1,1580,1550,Group stage
2026-06-24,Morocco,Haiti,4,2,1866,1550,Group stage
2026-06-24,Scotland,Brazil,0,3,1768,1986,Group stage